Timestamp	Side	Symbol	Price	Qty	PnL
PAPER-1772203864,SENSEX 05MAR 81200 CE,"BB15, Green",1050.05,1008.5,900,10,2026-02-27 20:21:04.347346,2026-02-27 20:21:04.456280,-373949.9999999996
PAPER-1772203865,SENSEX 05MAR 81200 CE,"BB13, Green",962.3,941.45,900,10,2026-02-27 20:21:05.954937,2026-02-27 20:21:06.075334,-187649.99999999919
PAPER-1772203866,SENSEX 05MAR 81200 CE,"BB13, Green",962.3,939.2,900,10,2026-02-27 20:21:06.077767,2026-02-27 20:21:06.139495,-207899.99999999919
PAPER-1772203866,SENSEX 05MAR 81200 CE,"BB13, Green",962.3,923.5,900,10,2026-02-27 20:21:06.141069,2026-02-27 20:21:06.202414,-349199.9999999996
PAPER-1772203867,SENSEX 05MAR 81200 CE,"BB12, BB17, Green",980.0,953.15,900,10,2026-02-27 20:21:07.228550,2026-02-27 20:21:07.347541,-241650.0000000002
PAPER-1772203869,SENSEX 05MAR 81200 CE,"BB12, CBB0, CBB1, CBB3",976.7,954.5,900,10,2026-02-27 20:21:09.407690,2026-02-27 20:21:10.004452,-199800.0000000004
PAPER-1772203870,SENSEX 05MAR 81200 CE,"BB12, CBB0, CBB4",986.3,957.1,900,10,2026-02-27 20:21:10.006913,2026-02-27 20:21:10.067085,-262799.99999999936
PAPER-1772203871,SENSEX 05MAR 81200 CE,"NRCB, BB12",903.25,920.5,900,10,2026-02-27 20:21:11.576631,2026-02-27 20:21:12.857023,155250.0
PAPER-1772203873,SENSEX 05MAR 81200 CE,CBBR2,903.55,880.0,900,10,2026-02-27 20:21:13.178454,2026-02-27 20:21:13.306684,-211949.9999999996
PAPER-1772203873,SENSEX 05MAR 81200 CE,"CBBR2, CBBR6, CBBR7",894.45,864.05,900,10,2026-02-27 20:21:13.759780,2026-02-27 20:21:13.825106,-273600.0000000008
PAPER-1772203874,SENSEX 05MAR 81200 CE,"NRCB, BB12, CBBR3, CBBR6",901.6,883.5,900,10,2026-02-27 20:21:14.277024,2026-02-27 20:21:14.408026,-162900.0000000002
PAPER-1772203875,SENSEX 05MAR 81200 CE,CBBR6,879.0,860.0,900,10,2026-02-27 20:21:15.465568,2026-02-27 20:21:15.535693,-171000.0
PAPER-1772203875,SENSEX 05MAR 81200 CE,CBBR6,879.0,830.0,900,10,2026-02-27 20:21:15.537093,2026-02-27 20:21:15.606624,-441000.0
PAPER-1772203876,SENSEX 05MAR 81200 CE,"CBBR1, CBBR3, CBBR6",855.0,847.65,900,10,2026-02-27 20:21:16.761699,2026-02-27 20:21:18.895374,-66150.0000000002
PAPER-1772203878,SENSEX 05MAR 81200 CE,"CBBR2, CBBR3",877.5,871.15,900,10,2026-02-27 20:21:18.897934,2026-02-27 20:21:19.133236,-57150.000000000204
PAPER-1772203880,SENSEX 05MAR 81200 CE,"BB12, BB13, CBBR2, CBBR3, CBBR5, Green",950.0,920.65,900,10,2026-02-27 20:21:20.059614,2026-02-27 20:21:20.572301,-264150.00000000023
PAPER-1772203881,SENSEX 05MAR 81200 CE,"BB8, CBB0, CBB3",947.2,924.35,900,10,2026-02-27 20:21:21.178168,2026-02-27 20:21:21.252708,-205650.0000000002
PAPER-1772203881,SENSEX 05MAR 81200 CE,"BB8, CBB0, CBB3",947.2,912.65,900,10,2026-02-27 20:21:21.254087,2026-02-27 20:21:21.328413,-310950.00000000064
PAPER-1772203881,SENSEX 05MAR 81200 CE,"BB8, CBB0, CBB3",947.2,897.15,900,10,2026-02-27 20:21:21.329828,2026-02-27 20:21:21.404617,-450450.00000000064
PAPER-1772203881,SENSEX 05MAR 81200 CE,"BB8, CBB0, CBB3",947.2,910.0,900,10,2026-02-27 20:21:21.405982,2026-02-27 20:21:21.481156,-334800.0000000004
PAPER-1772203881,SENSEX 05MAR 81200 CE,"BB8, CBB0, CBB3",947.2,915.4,900,10,2026-02-27 20:21:21.482542,2026-02-27 20:21:21.556524,-286200.00000000064
PAPER-1772203884,SENSEX 05MAR 81200 CE,"CBB0, CBB1, CBB2, CBB6, CBB7",860.7,718.1,900,10,2026-02-27 20:21:24.187350,2026-02-27 20:21:24.885323,-1283400.0000000002
PAPER-1772203888,SENSEX 05MAR 81200 PE,"BB12, BB17, Green",274.05,256.1,900,10,2026-02-27 20:21:28.735815,2026-02-27 20:21:28.784492,-161549.99999999988
PAPER-1772203888,SENSEX 05MAR 81200 PE,"BB12, BB17, Green",262.45,256.0,900,10,2026-02-27 20:21:28.982373,2026-02-27 20:21:29.032729,-58049.9999999999
PAPER-1772203889,SENSEX 05MAR 81200 PE,"BB12, BB17, Green",262.45,255.1,900,10,2026-02-27 20:21:29.034087,2026-02-27 20:21:29.084394,-66149.99999999994
PAPER-1772203889,SENSEX 05MAR 81200 PE,"BB12, BB17, Green",262.45,250.0,900,10,2026-02-27 20:21:29.085754,2026-02-27 20:21:29.135976,-112049.9999999999
PAPER-1772203889,SENSEX 05MAR 81200 PE,"BB5, BB8, BB12, BB17, Green",271.85,268.45,900,10,2026-02-27 20:21:29.644159,2026-02-27 20:21:29.749097,-30600.000000000306
PAPER-1772203890,SENSEX 05MAR 81200 PE,"BB12, BB17, Green",239.95,286.0,900,10,2026-02-27 20:21:30.714876,2026-02-27 20:21:31.285139,414450.0000000001
PAPER-1772203891,SENSEX 05MAR 81200 PE,"BB12, CBB0, CBB4",294.8,314.5,900,10,2026-02-27 20:21:31.645515,2026-02-27 20:21:31.890918,177299.99999999988
PAPER-1772203892,SENSEX 05MAR 81200 PE,CBBR2,295.25,330.25,900,10,2026-02-27 20:21:32.098475,2026-02-27 20:21:32.974980,315000.0
PAPER-1772203893,SENSEX 05MAR 81200 PE,"BB6, BB8, BB12, CBB0, CBB1, CBB3, CBB8, Green",350.0,361.8,900,10,2026-02-27 20:21:33.041113,2026-02-27 20:21:33.559367,106200.0000000001
PAPER-1772203894,SENSEX 05MAR 81200 PE,"CBB0, CBB4",367.45,350.7,900,10,2026-02-27 20:21:34.015030,2026-02-27 20:21:34.150381,-150750.0
PAPER-1772203894,SENSEX 05MAR 81200 PE,"BB17, CBB0, CBB4, Green",368.1,316.8,900,10,2026-02-27 20:21:34.151799,2026-02-27 20:21:34.217315,-461700.0000000001
PAPER-1772203894,SENSEX 05MAR 81200 PE,"BB17, Green",326.6,311.35,900,10,2026-02-27 20:21:34.416811,2026-02-27 20:21:34.618122,-137250.0
PAPER-1772203895,SENSEX 05MAR 81200 PE,"BB17, Green",313.9,312.05,900,10,2026-02-27 20:21:35.087279,2026-02-27 20:21:35.493784,-16649.999999999694
PAPER-1772203896,SENSEX 05MAR 81200 PE,"BB17, Green",329.6,306.2,900,10,2026-02-27 20:21:36.245859,2026-02-27 20:21:36.386867,-210600.00000000032
PAPER-1772203899,SENSEX 05MAR 81200 PE,NRCB,141.15,146.3,900,10,2026-02-27 20:21:39.654246,2026-02-27 20:21:40.181508,46350.00000000005
PAPER-1772203902,SENSEX 05MAR 81200 PE,"BB12, BB17, Green",128.5,125.1,900,10,2026-02-27 20:21:42.032439,2026-02-27 20:21:42.112970,-30600.00000000005
PAPER-1772203902,SENSEX 05MAR 81200 PE,"BB12, BB17, Green",128.5,125.35,900,10,2026-02-27 20:21:42.114441,2026-02-27 20:21:42.195713,-28350.00000000005
PAPER-1772203902,SENSEX 05MAR 81200 PE,"BB12, BB17, Green",128.5,122.85,900,10,2026-02-27 20:21:42.197752,2026-02-27 20:21:42.513639,-50850.00000000005
PAPER-1772203903,SENSEX 05MAR 81200 PE,"BB12, BB13, Green",130.75,125.45,900,10,2026-02-27 20:21:43.159629,2026-02-27 20:21:43.324400,-47699.99999999997
PAPER-1772203904,SENSEX 05MAR 81200 PE,"BB12, CBB0, CBB4",132.5,129.3,900,10,2026-02-27 20:21:44.309739,2026-02-27 20:21:44.478561,-28799.999999999898
PAPER-1772203905,SENSEX 05MAR 81200 PE,"BB12, CBB0, CBBR1",132.65,129.1,900,10,2026-02-27 20:21:45.068649,2026-02-27 20:21:45.240905,-31950.000000000102
PAPER-1772203905,SENSEX 05MAR 81200 PE,"BB5, BB12, BB17, CBB0, CBB1, CBB2, CBB5, CBB6, CBB7, Green",181.25,180.15,900,10,2026-02-27 20:21:45.587962,2026-02-27 20:21:45.852584,-9899.999999999949
PAPER-1772203905,SENSEX 05MAR 81200 PE,"BB5, BB12, BB17, CBB0, CBB1, CBB2, CBB5, CBB6, CBB7, Green",194.05,183.5,900,10,2026-02-27 20:21:45.853966,2026-02-27 20:21:45.941841,-94950.0000000001
PAPER-1772203905,SENSEX 05MAR 81200 PE,"BB5, BB12, BB17, CBB0, CBB1, CBB2, CBB5, CBB6, CBB7, Green",194.05,183.85,900,10,2026-02-27 20:21:45.943192,2026-02-27 20:21:46.030504,-91800.00000000016
PAPER-1772203907,SENSEX 05MAR 81200 PE,"BB1, BB9, CBB0, CBB3, CBB4",238.6,228.15,900,10,2026-02-27 20:21:47.936360,2026-02-27 20:21:48.484882,-94049.9999999999
PAPER-1772203909,SENSEX 05MAR 81200 PE,CBBR2,218.7,231.8,900,10,2026-02-27 20:21:49.318250,2026-02-27 20:21:49.773879,117900.0000000002
PAPER-1772203910,SENSEX 05MAR 81200 PE,"CBBR1, CBBR2, CBBR7",236.0,230.2,900,10,2026-02-27 20:21:50.325035,2026-02-27 20:21:50.697391,-52200.0000000001
PAPER-1772203912,SENSEX 05MAR 81200 PE,"BB12, BB17, CBB0, Green",234.1,223.8,900,10,2026-02-27 20:21:52.797403,2026-02-27 20:21:52.903831,-92699.99999999984
PAPER-1772203912,SENSEX 05MAR 81200 PE,"BB12, BB17, CBB0, Green",234.1,221.0,900,10,2026-02-27 20:21:52.905457,2026-02-27 20:21:53.017142,-117899.99999999994
PAPER-1772203913,SENSEX 05MAR 81200 PE,"BB17, CBB0, Green",234.1,221.0,900,10,2026-02-27 20:21:53.018726,2026-02-27 20:21:53.137366,-117899.99999999994
PAPER-1772203915,SENSEX 05MAR 81200 PE,"NRCB, BB1, BB9",218.85,217.7,900,10,2026-02-27 20:21:55.395891,2026-02-27 20:21:55.898375,-10350.000000000051
PAPER-1772203916,SENSEX 05MAR 81200 PE,"BB12, BB17, CBB0, Green",222.4,216.7,900,10,2026-02-27 20:21:56.099346,2026-02-27 20:21:56.303130,-51300.00000000015
PAPER-1772203918,SENSEX 05MAR 81200 PE,"NRCB, BB5, BB12, CBB0, CBB1, CBB2, CBB7",199.05,190.0,900,10,2026-02-27 20:21:58.059902,2026-02-27 20:21:58.161894,-81450.0000000001
PAPER-1772203918,SENSEX 05MAR 81200 PE,"NRCB, BB5, BB12, CBB0, CBB1, CBB2, CBB7",199.05,194.9,900,10,2026-02-27 20:21:58.163304,2026-02-27 20:21:58.265916,-37350.00000000005
PAPER-1772203918,SENSEX 05MAR 81200 PE,"NRCB, BB5, BB12, CBB0, CBB1, CBB2, CBB7",199.05,194.45,900,10,2026-02-27 20:21:58.267286,2026-02-27 20:21:58.370417,-41400.000000000204
PAPER-1772203918,SENSEX 05MAR 81200 PE,"NRCB, BB5, BB12, CBB0, CBB1, CBB2, CBB7",199.05,187.5,900,10,2026-02-27 20:21:58.371749,2026-02-27 20:21:58.474054,-103950.0000000001
PAPER-1772203920,SENSEX 05MAR 81200 PE,NRCB,164.5,174.8,900,10,2026-02-27 20:22:00.425297,2026-02-27 20:22:00.738613,92700.0000000001
PAPER-1772203923,SENSEX 05MAR 81200 PE,"BB12, CBB0, CBB8",161.3,151.15,900,10,2026-02-27 20:22:03.564611,2026-02-27 20:22:03.671577,-91350.00000000006
PAPER-1772203923,SENSEX 05MAR 81200 PE,"BB12, CBB0, CBB5, CBB7, CBB8",166.4,165.1,900,10,2026-02-27 20:22:03.781009,2026-02-27 20:22:03.888350,-11700.000000000102
PAPER-1772203923,SENSEX 05MAR 81200 PE,"BB12, CBB0, CBB5, CBB7, CBB8",171.6,166.0,900,10,2026-02-27 20:22:03.889747,2026-02-27 20:22:03.997056,-50399.99999999995
PAPER-1772203924,SENSEX 05MAR 81200 PE,"BB12, BB17, CBB0, CBB2, CBB5, CBB6, CBB7, Green",167.3,157.45,900,10,2026-02-27 20:22:04.639228,2026-02-27 20:22:04.857358,-88650.0000000002
PAPER-1772203924,SENSEX 05MAR 81200 PE,"CBB0, CBB2, CBB5, CBB7",168.75,164.0,900,10,2026-02-27 20:22:04.858811,2026-02-27 20:22:04.967894,-42750.0
PAPER-1772203924,SENSEX 05MAR 81200 PE,"CBB0, CBB2, CBB5, CBB7",168.75,153.2,900,10,2026-02-27 20:22:04.969327,2026-02-27 20:22:05.077583,-139950.00000000012
PAPER-1772203925,SENSEX 05MAR 81200 PE,"CBBR2, CBBR7",153.25,164.8,900,10,2026-02-27 20:22:05.296427,2026-02-27 20:22:05.732147,103950.0000000001
PAPER-1772203928,SENSEX 05MAR 81200 PE,"BB13, Green",152.65,147.7,900,10,2026-02-27 20:22:08.548730,2026-02-27 20:22:08.662796,-44550.00000000015
PAPER-1772203928,SENSEX 05MAR 81200 PE,"BB13, Green",152.65,151.9,900,10,2026-02-27 20:22:08.664272,2026-02-27 20:22:08.891347,-6750.0
PAPER-1772203928,SENSEX 05MAR 81200 PE,"NRCB, BB12, BB13, Green",156.15,195.8,900,10,2026-02-27 20:22:08.892801,2026-02-27 20:22:09.902851,356850.00000000006
PAPER-1772203931,SENSEX 05MAR 81200 PE,"BB1, CBB0, CBB6, CBB8, Green",212.3,209.0,900,10,2026-02-27 20:22:11.375030,2026-02-27 20:22:11.605893,-29700.000000000102
PAPER-1772203931,SENSEX 05MAR 81200 PE,"BB1, Green",218.8,208.8,900,10,2026-02-27 20:22:11.607343,2026-02-27 20:22:11.837696,-90000.0
PAPER-1772203932,SENSEX 05MAR 81200 PE,CBBR2,201.85,196.3,900,10,2026-02-27 20:22:12.423361,2026-02-27 20:22:12.655643,-49949.99999999985
PAPER-1772203932,SENSEX 05MAR 81200 PE,CBBR2,207.6,198.9,900,10,2026-02-27 20:22:12.657063,2026-02-27 20:22:12.773497,-78299.9999999999
PAPER-1772203932,SENSEX 05MAR 81200 PE,CBBR2,207.6,203.15,900,10,2026-02-27 20:22:12.774870,2026-02-27 20:22:12.890830,-40049.9999999999
PAPER-1772203932,SENSEX 05MAR 81200 PE,CBBR2,207.6,202.2,900,10,2026-02-27 20:22:12.892187,2026-02-27 20:22:13.123760,-48600.00000000005
PAPER-1772203933,SENSEX 05MAR 81200 PE,"CBB0, CBB2, CBB5, CBB7",214.4,236.5,900,10,2026-02-27 20:22:13.933233,2026-02-27 20:22:14.628283,198899.99999999994
PAPER-1772203936,SENSEX 05MAR 81200 PE,"CBBR2, CBBR7",229.0,215.75,900,10,2026-02-27 20:22:16.164932,2026-02-27 20:22:16.285363,-119250.0
PAPER-1772203936,SENSEX 05MAR 81200 PE,"CBBR2, CBBR7",229.0,215.7,900,10,2026-02-27 20:22:16.287756,2026-02-27 20:22:16.407784,-119700.0000000001
PAPER-1772203936,SENSEX 05MAR 81200 PE,"CBBR2, CBBR7",229.0,216.6,900,10,2026-02-27 20:22:16.409164,2026-02-27 20:22:16.531076,-111600.00000000006
PAPER-1772203936,SENSEX 05MAR 81200 PE,"CBBR2, CBBR7",229.0,217.45,900,10,2026-02-27 20:22:16.532449,2026-02-27 20:22:16.651280,-103950.0000000001
PAPER-1772203936,SENSEX 05MAR 81200 PE,"CBBR2, CBBR7",229.0,219.15,900,10,2026-02-27 20:22:16.652664,2026-02-27 20:22:16.771646,-88649.99999999994
PAPER-1772203942,SENSEX 05MAR 81200 PE,"BB6, BB8, CBB0, CBB8",240.55,234.15,900,10,2026-02-27 20:22:22.095592,2026-02-27 20:22:22.707198,-57600.00000000005
PAPER-1772203943,SENSEX 05MAR 81200 PE,CBBR2,234.25,226.05,900,10,2026-02-27 20:22:23.321682,2026-02-27 20:22:24.189051,-73799.9999999999
PAPER-1772203945,SENSEX 05MAR 81200 PE,NRCB,237.5,228.4,900,10,2026-02-27 20:22:25.551687,2026-02-27 20:22:26.174719,-81899.99999999994
PAPER-1772203948,SENSEX 05MAR 81200 PE,NRCB,224.35,216.95,900,10,2026-02-27 20:22:28.182289,2026-02-27 20:22:28.308520,-66600.00000000006
PAPER-1772203948,SENSEX 05MAR 81200 PE,NRCB,212.85,204.5,900,10,2026-02-27 20:22:28.963516,2026-02-27 20:22:29.219512,-75149.99999999994
PAPER-1772203949,SENSEX 05MAR 81200 PE,NRCB,215.2,200.2,900,10,2026-02-27 20:22:29.220955,2026-02-27 20:22:29.349347,-135000.0
PAPER-1772203949,SENSEX 05MAR 81200 PE,NRCB,215.2,191.4,900,10,2026-02-27 20:22:29.350727,2026-02-27 20:22:29.478073,-214199.99999999985
PAPER-1772203949,SENSEX 05MAR 81200 PE,NRCB,215.2,187.45,900,10,2026-02-27 20:22:29.479438,2026-02-27 20:22:29.606824,-249750.0
PAPER-1772203953,SENSEX 05MAR 81200 PE,"BB13, Green",173.4,169.05,900,10,2026-02-27 20:22:33.753773,2026-02-27 20:22:33.884953,-39149.99999999995
PAPER-1772203953,SENSEX 05MAR 81200 PE,"BB13, Green",173.4,167.7,900,10,2026-02-27 20:22:33.886337,2026-02-27 20:22:34.276166,-51300.00000000015
PAPER-1772203956,SENSEX 05MAR 81200 PE,"BB12, BB17, CBB0, CBB2, CBB6, CBB7, Green",243.05,229.95,900,10,2026-02-27 20:22:36.629097,2026-02-27 20:22:36.762156,-117900.0000000002
PAPER-1772203956,SENSEX 05MAR 81200 PE,"BB12, BB17, CBB0, CBB2, CBB6, CBB7, Green",243.05,237.05,900,10,2026-02-27 20:22:36.763602,2026-02-27 20:22:36.896881,-54000.0
PAPER-1772203956,SENSEX 05MAR 81200 PE,"BB12, BB17, CBB0, CBB2, CBB6, CBB7, Green",243.05,247.2,900,10,2026-02-27 20:22:36.898395,2026-02-27 20:22:37.298088,37349.999999999796
PAPER-1772203959,SENSEX 05MAR 81200 PE,"BB8, BB12, Green",274.05,277.05,900,10,2026-02-27 20:22:39.317018,2026-02-27 20:22:39.451206,27000.0
PAPER-1772203959,SENSEX 05MAR 81200 PE,"BB8, BB12, CBBR3, Green",291.15,275.9,900,10,2026-02-27 20:22:39.452709,2026-02-27 20:22:39.589346,-137250.0
PAPER-1772203959,SENSEX 05MAR 81200 PE,"NRCB, BB8, BB12, CBBR3, Green",291.15,267.55,900,10,2026-02-27 20:22:39.590841,2026-02-27 20:22:39.726131,-212399.99999999968
PAPER-1772203959,SENSEX 05MAR 81200 PE,"NRCB, BB8, CBBR3, Green",291.15,250.9,900,10,2026-02-27 20:22:39.727489,2026-02-27 20:22:39.862323,-362249.99999999977
PAPER-1772203959,SENSEX 05MAR 81200 PE,"NRCB, BB8, CBBR3, Green",291.15,258.45,900,10,2026-02-27 20:22:39.863667,2026-02-27 20:22:39.998286,-294299.9999999999
PAPER-1772203960,SENSEX 05MAR 81200 PE,"BB1, BB9, BB10, BB11, BB17, CBB0, Green",273.85,263.05,900,10,2026-02-27 20:22:40.678925,2026-02-27 20:22:40.813741,-97200.0000000001
PAPER-1772203961,SENSEX 05MAR 81200 PE,"BB1, BB9, BB10, BB11, BB17, CBB0, CBB6, Green",281.3,280.65,900,10,2026-02-27 20:22:41.218665,2026-02-27 20:22:41.353091,-5850.000000000307
PAPER-1772203963,SENSEX 05MAR 81200 PE,"CBB0, CBB4",289.3,283.35,900,10,2026-02-27 20:22:43.103478,2026-02-27 20:22:43.241688,-53549.9999999999
PAPER-1772203963,SENSEX 05MAR 81200 PE,"CBB0, CBB4",289.3,292.45,900,10,2026-02-27 20:22:43.244047,2026-02-27 20:22:43.650972,28349.999999999796
PAPER-1772203964,SENSEX 05MAR 81200 PE,"BB13, CBBR5, Green",309.2,315.0,900,10,2026-02-27 20:22:44.743100,2026-02-27 20:22:45.160412,52200.0000000001
PAPER-1772203965,SENSEX 05MAR 81200 PE,"BB13, CBBR3, CBBR5, Green",327.6,316.6,900,10,2026-02-27 20:22:45.162442,2026-02-27 20:22:46.012478,-99000.0
PAPER-1772203966,SENSEX 05MAR 81200 PE,CBBR2,307.0,297.15,900,10,2026-02-27 20:22:46.840795,2026-02-27 20:22:46.979695,-88650.0000000002
PAPER-1772203966,SENSEX 05MAR 81200 PE,CBBR2,307.0,284.75,900,10,2026-02-27 20:22:46.981214,2026-02-27 20:22:47.120345,-200250.0
PAPER-1772203967,SENSEX 05MAR 81200 PE,CBBR2,307.0,293.15,900,10,2026-02-27 20:22:47.121703,2026-02-27 20:22:47.261126,-124650.0000000002
PAPER-1772203967,SENSEX 05MAR 81200 PE,CBBR2,307.0,296.5,900,10,2026-02-27 20:22:47.262516,2026-02-27 20:22:47.401828,-94500.0
PAPER-1772203967,SENSEX 05MAR 81200 PE,CBBR2,307.0,286.0,900,10,2026-02-27 20:22:47.403190,2026-02-27 20:22:47.542609,-189000.0
PAPER-1772203968,SENSEX 05MAR 81200 PE,CBBR6,303.2,298.7,900,10,2026-02-27 20:22:48.373758,2026-02-27 20:22:49.240990,-40500.0
PAPER-1772203971,SENSEX 05MAR 81200 PE,CBBR2,295.8,289.65,900,10,2026-02-27 20:22:51.763307,2026-02-27 20:22:52.050557,-55350.000000000306
PAPER-1772203972,SENSEX 05MAR 81200 PE,CBBR2,296.55,287.95,900,10,2026-02-27 20:22:52.051976,2026-02-27 20:22:52.194425,-77400.0000000002
PAPER-1772203972,SENSEX 05MAR 81200 PE,CBBR2,296.55,280.0,900,10,2026-02-27 20:22:52.195776,2026-02-27 20:22:52.337746,-148950.00000000012
PAPER-1772203972,SENSEX 05MAR 81200 PE,CBBR2,296.55,288.95,900,10,2026-02-27 20:22:52.339096,2026-02-27 20:22:52.480783,-68400.0000000002
PAPER-1772203974,SENSEX 05MAR 81200 PE,"BB5, BB6, BB11, BB12, CBB0, CBB7",298.0,289.05,900,10,2026-02-27 20:22:54.318486,2026-02-27 20:22:54.461506,-80549.9999999999
PAPER-1772203974,SENSEX 05MAR 81200 PE,"BB5, BB6, BB11, CBB0, CBB7",298.0,328.7,900,10,2026-02-27 20:22:54.463664,2026-02-27 20:22:55.756053,276299.9999999999
PAPER-1772203975,SENSEX 05MAR 81200 PE,"BB9, BB10, BB11, BB12, CBB0, CBB1, CBB2, CBB6, CBB7, CBB8, Green",330.0,340.2,900,10,2026-02-27 20:22:55.757481,2026-02-27 20:22:56.642999,91799.9999999999
PAPER-1772203978,SENSEX 05MAR 81200 PE,"BB13, Green",330.25,313.55,900,10,2026-02-27 20:22:58.379946,2026-02-27 20:22:58.526189,-150299.99999999988
PAPER-1772203978,SENSEX 05MAR 81200 PE,"BB13, Green",330.25,317.95,900,10,2026-02-27 20:22:58.528206,2026-02-27 20:22:58.675601,-110700.0000000001
PAPER-1772203978,SENSEX 05MAR 81200 PE,"BB13, Green",330.25,321.5,900,10,2026-02-27 20:22:58.677870,2026-02-27 20:22:58.823623,-78750.0
PAPER-1772203978,SENSEX 05MAR 81200 PE,"BB13, CBB0, Green",330.25,312.25,900,10,2026-02-27 20:22:58.824980,2026-02-27 20:22:58.971690,-162000.0
PAPER-1772203980,SENSEX 05MAR 81200 PE,"BB13, Green",313.6,330.0,900,10,2026-02-27 20:23:00.478835,2026-02-27 20:23:02.533586,147599.9999999998
PAPER-1772203984,SENSEX 05MAR 81200 PE,"BB8, CBBR2, CBBR7",317.9,311.05,900,10,2026-02-27 20:23:04.152354,2026-02-27 20:23:04.450685,-61649.999999999694
PAPER-1772203984,SENSEX 05MAR 81200 PE,"BB8, CBBR2, CBBR7",318.75,320.05,900,10,2026-02-27 20:23:04.452988,2026-02-27 20:23:06.556786,11700.000000000102
PAPER-1772203990,SENSEX 05MAR 81200 PE,CBBR2,329.45,322.15,900,10,2026-02-27 20:23:10.207341,2026-02-27 20:23:10.360267,-65700.0000000001
PAPER-1772203990,SENSEX 05MAR 81200 PE,CBBR2,330.0,320.5,900,10,2026-02-27 20:23:10.362422,2026-02-27 20:23:10.516514,-85500.0
PAPER-1772203990,SENSEX 05MAR 81200 PE,CBBR2,330.0,320.95,900,10,2026-02-27 20:23:10.518816,2026-02-27 20:23:10.980039,-81450.0000000001
PAPER-1772203998,SENSEX 05MAR 81200 PE,"NRCB, BB12, CBB0, CBB4",282.0,260.45,900,10,2026-02-27 20:23:18.864052,2026-02-27 20:23:19.180199,-193950.00000000012
PAPER-1772203999,SENSEX 05MAR 81200 PE,"NRCB, BB12",282.0,261.2,900,10,2026-02-27 20:23:19.182514,2026-02-27 20:23:19.340405,-187200.00000000012
PAPER-1772203999,SENSEX 05MAR 81200 PE,"NRCB, BB12",282.0,259.85,900,10,2026-02-27 20:23:19.341898,2026-02-27 20:23:19.500975,-199349.9999999998
PAPER-1772204000,SENSEX 05MAR 81200 PE,"BB12, CBB0, CBB8",276.1,269.3,900,10,2026-02-27 20:23:20.478784,2026-02-27 20:23:21.272220,-61200.0000000001
PAPER-1772204005,SENSEX 05MAR 81200 PE,"BB11, CBB0, CBB8",311.5,298.15,900,10,2026-02-27 20:23:25.101236,2026-02-27 20:23:25.594780,-120150.0000000002
PAPER-1772204005,SENSEX 05MAR 81200 PE,"BB11, CBB0, CBB1, CBB4, CBB8",315.3,296.35,900,10,2026-02-27 20:23:25.596141,2026-02-27 20:23:25.757199,-170549.99999999988
PAPER-1772204005,SENSEX 05MAR 81200 PE,"BB11, CBB0, CBB1, CBB4, CBB8",315.3,291.2,900,10,2026-02-27 20:23:25.758475,2026-02-27 20:23:25.920278,-216900.0000000002
PAPER-1772204007,SENSEX 05MAR 81200 PE,"NRCB, CBBR3",411.1,393.75,900,10,2026-02-27 20:23:27.683496,2026-02-27 20:23:27.845001,-156150.0000000002
PAPER-1772204007,SENSEX 05MAR 81200 PE,"NRCB, CBBR3",424.15,519.7,900,10,2026-02-27 20:23:27.846512,2026-02-27 20:23:28.500930,859950.0000000006
PAPER-1772204010,SENSEX 05MAR 81200 PE,"BB8, CBBR2",433.8,423.65,900,10,2026-02-27 20:23:30.826635,2026-02-27 20:23:31.324858,-91350.0000000003
PAPER-1772204011,SENSEX 05MAR 81200 PE,"BB8, CBBR2",435.65,418.65,900,10,2026-02-27 20:23:31.326399,2026-02-27 20:23:31.505439,-153000.0
PAPER-1772204011,SENSEX 05MAR 81200 PE,"BB8, CBBR2",435.65,422.7,900,10,2026-02-27 20:23:31.507062,2026-02-27 20:23:31.671258,-116549.9999999999
PAPER-1772204013,SENSEX 05MAR 81300 CE,"BB15, Green",1482.65,1450.0,900,10,2026-02-27 20:23:33.015016,2026-02-27 20:23:33.065114,-293850.0000000008
PAPER-1772204013,SENSEX 05MAR 81300 CE,"BB15, Green",1483.75,1480.0,900,10,2026-02-27 20:23:33.066589,2026-02-27 20:23:33.313121,-33750.0
PAPER-1772204014,SENSEX 05MAR 81300 CE,"NRCB, BB12",1169.3,1140.0,900,10,2026-02-27 20:23:34.365887,2026-02-27 20:23:34.959878,-263699.9999999996
PAPER-1772204015,SENSEX 05MAR 81300 CE,"BB12, CBB0, CBB8",1148.6,1263.05,900,10,2026-02-27 20:23:35.519463,2026-02-27 20:23:36.364199,1030050.0000000005
PAPER-1772204018,SENSEX 05MAR 81300 CE,"BB15, BB17, Green",982.2,957.15,900,10,2026-02-27 20:23:38.613715,2026-02-27 20:23:38.743579,-225450.0000000006
PAPER-1772204024,SENSEX 05MAR 81300 CE,"BB12, CBB0, CBB4",890.0,882.0,900,10,2026-02-27 20:23:44.712137,2026-02-27 20:23:45.514704,-72000.0
PAPER-1772204026,SENSEX 05MAR 81300 CE,NRCB,847.5,825.35,900,10,2026-02-27 20:23:46.325669,2026-02-27 20:23:46.401067,-199349.9999999998
PAPER-1772204026,SENSEX 05MAR 81300 CE,NRCB,847.5,808.95,900,10,2026-02-27 20:23:46.402501,2026-02-27 20:23:46.478188,-346949.9999999996
PAPER-1772204026,SENSEX 05MAR 81300 CE,NRCB,847.5,805.05,900,10,2026-02-27 20:23:46.479568,2026-02-27 20:23:46.562770,-382050.0000000004
PAPER-1772204026,SENSEX 05MAR 81300 CE,NRCB,847.5,786.9,900,10,2026-02-27 20:23:46.564188,2026-02-27 20:23:46.651731,-545400.0000000002
PAPER-1772204026,SENSEX 05MAR 81300 CE,NRCB,847.5,795.5,900,10,2026-02-27 20:23:46.653694,2026-02-27 20:23:46.741137,-468000.0
PAPER-1772204027,SENSEX 05MAR 81300 CE,"NRCB, BB12",834.5,816.2,900,10,2026-02-27 20:23:47.536738,2026-02-27 20:23:47.615505,-164699.9999999996
PAPER-1772204027,SENSEX 05MAR 81300 CE,"NRCB, BB12",834.5,846.45,900,10,2026-02-27 20:23:47.617036,2026-02-27 20:23:49.088259,107550.00000000041
PAPER-1772204029,SENSEX 05MAR 81300 CE,CBBR2,831.45,809.4,900,10,2026-02-27 20:23:49.554073,2026-02-27 20:23:49.710608,-198450.0000000006
PAPER-1772204030,SENSEX 05MAR 81300 CE,"CBBR2, CBBR6, CBBR7",823.55,794.9,900,10,2026-02-27 20:23:50.257730,2026-02-27 20:23:50.336287,-257849.9999999998
PAPER-1772204030,SENSEX 05MAR 81300 CE,"NRCB, CBBR3, CBBR6",827.0,809.8,900,10,2026-02-27 20:23:50.812137,2026-02-27 20:23:51.508034,-154800.0000000004
PAPER-1772204032,SENSEX 05MAR 81300 CE,CBBR6,810.0,774.65,900,10,2026-02-27 20:23:52.385530,2026-02-27 20:23:52.466545,-318150.00000000023
PAPER-1772204034,SENSEX 05MAR 81300 CE,"CBBR3, CBBR6",801.6,774.9,900,10,2026-02-27 20:23:54.093512,2026-02-27 20:23:54.926422,-240300.0000000004
PAPER-1772204035,SENSEX 05MAR 81300 CE,"CBB0, CBB3",792.8,775.9,900,10,2026-02-27 20:23:55.593395,2026-02-27 20:23:56.358262,-152099.9999999998
PAPER-1772204036,SENSEX 05MAR 81300 CE,"BB12, CBBR2",788.0,773.1,900,10,2026-02-27 20:23:56.445005,2026-02-27 20:23:56.616411,-134099.9999999998
PAPER-1772204036,SENSEX 05MAR 81300 CE,"CBBR2, CBBR3",809.95,785.8,900,10,2026-02-27 20:23:56.703226,2026-02-27 20:23:56.789953,-217350.00000000081
PAPER-1772204036,SENSEX 05MAR 81300 CE,"CBBR2, CBBR3",809.95,792.0,900,10,2026-02-27 20:23:56.791377,2026-02-27 20:23:57.217256,-161550.0000000004
PAPER-1772204038,SENSEX 05MAR 81300 CE,"BB12, BB13, CBB0, CBB2, CBB6, Green",876.95,843.0,900,10,2026-02-27 20:23:58.164418,2026-02-27 20:23:58.776509,-305550.0000000004
PAPER-1772204039,SENSEX 05MAR 81300 CE,"BB6, BB8, CBB0, CBB3, CBB4",873.0,848.35,900,10,2026-02-27 20:23:59.476989,2026-02-27 20:23:59.565992,-221849.9999999998
PAPER-1772204039,SENSEX 05MAR 81300 CE,"BB6, BB8, CBB0, CBB3, CBB4",873.0,840.0,900,10,2026-02-27 20:23:59.567428,2026-02-27 20:23:59.656683,-297000.0
PAPER-1772204039,SENSEX 05MAR 81300 CE,"BB6, BB8, CBB0, CBB3, CBB4",873.0,829.75,900,10,2026-02-27 20:23:59.658053,2026-02-27 20:23:59.749543,-389250.0
PAPER-1772204039,SENSEX 05MAR 81300 CE,"BB6, BB8, CBB0, CBB3, CBB4",873.0,834.5,900,10,2026-02-27 20:23:59.750895,2026-02-27 20:23:59.861791,-346500.0
PAPER-1772204039,SENSEX 05MAR 81300 CE,"BB6, BB8, CBB0, CBB3, CBB4",873.0,839.7,900,10,2026-02-27 20:23:59.863131,2026-02-27 20:23:59.952052,-299699.9999999996
PAPER-1772204040,SENSEX 05MAR 81300 CE,"CBBR2, CBBR7",836.9,816.85,900,10,2026-02-27 20:24:00.308831,2026-02-27 20:24:00.490582,-180449.9999999996
PAPER-1772204040,SENSEX 05MAR 81300 CE,"CBBR2, CBBR7",846.1,822.4,900,10,2026-02-27 20:24:00.491995,2026-02-27 20:24:00.583392,-213300.0000000004
PAPER-1772204040,SENSEX 05MAR 81300 CE,"CBBR2, CBBR7",846.1,818.7,900,10,2026-02-27 20:24:00.584759,2026-02-27 20:24:00.677366,-246599.9999999998
PAPER-1772204040,SENSEX 05MAR 81300 CE,"CBBR2, CBBR7",846.1,805.85,900,10,2026-02-27 20:24:00.678900,2026-02-27 20:24:00.770012,-362250.0
PAPER-1772204043,SENSEX 05MAR 81300 CE,"BB12, BB13, CBB0, CBB3, Green",792.35,775.85,900,10,2026-02-27 20:24:03.053166,2026-02-27 20:24:03.238753,-148500.0
PAPER-1772204043,SENSEX 05MAR 81300 CE,"BB13, CBB0, CBB3, Green",792.35,774.95,900,10,2026-02-27 20:24:03.240939,2026-02-27 20:24:03.333065,-156599.9999999998
PAPER-1772204043,SENSEX 05MAR 81300 CE,"BB13, CBB0, CBB3, Green",792.35,650.55,900,10,2026-02-27 20:24:03.335260,2026-02-27 20:24:03.977429,-1276200.0000000007
PAPER-1772204047,SENSEX 05MAR 81300 PE,"BB1, BB17, Green",270.8,262.05,900,10,2026-02-27 20:24:07.609468,2026-02-27 20:24:07.707381,-78750.0
PAPER-1772204049,SENSEX 05MAR 81300 PE,"BB1, BB2, BB5, BB8, BB12, BB17, Green",293.7,287.1,900,10,2026-02-27 20:24:09.020402,2026-02-27 20:24:09.076071,-59399.999999999694
PAPER-1772204049,SENSEX 05MAR 81300 PE,"BB1, BB2, BB5, BB8, BB12, BB17, Green",293.7,287.1,900,10,2026-02-27 20:24:09.077457,2026-02-27 20:24:09.133239,-59399.999999999694
PAPER-1772204049,SENSEX 05MAR 81300 PE,"CBBR2, CBBR7",273.15,262.0,900,10,2026-02-27 20:24:09.410101,2026-02-27 20:24:09.584627,-100349.9999999998
PAPER-1772204049,SENSEX 05MAR 81300 PE,"CBBR2, CBBR7",273.6,260.1,900,10,2026-02-27 20:24:09.586072,2026-02-27 20:24:09.642055,-121500.0
PAPER-1772204051,SENSEX 05MAR 81300 PE,"BB12, CBB0, CBB4",278.25,276.7,900,10,2026-02-27 20:24:11.026650,2026-02-27 20:24:11.151991,-13950.000000000102
PAPER-1772204051,SENSEX 05MAR 81300 PE,"BB12, CBB0, CBB4",293.55,295.35,900,10,2026-02-27 20:24:11.153356,2026-02-27 20:24:11.455896,16200.000000000102
PAPER-1772204052,SENSEX 05MAR 81300 PE,"CBBR1, CBBR2, CBBR3, CBBR5, CBBR7",320.75,374.05,900,10,2026-02-27 20:24:12.708679,2026-02-27 20:24:13.644792,479700.0000000001
PAPER-1772204055,SENSEX 05MAR 81300 PE,"BB17, Green",336.55,337.85,900,10,2026-02-27 20:24:15.051668,2026-02-27 20:24:15.337000,11700.000000000102
PAPER-1772204055,SENSEX 05MAR 81300 PE,"BB12, BB17, CBB0, CBB8, Green",360.05,350.15,900,10,2026-02-27 20:24:15.551641,2026-02-27 20:24:15.624918,-89100.0000000003
PAPER-1772204055,SENSEX 05MAR 81300 PE,"BB12, BB17, CBB0, CBB8, Green",360.05,346.25,900,10,2026-02-27 20:24:15.626317,2026-02-27 20:24:15.699522,-124200.0000000001
PAPER-1772204055,SENSEX 05MAR 81300 PE,"BB12, BB17, CBB0, CBB8, Green",360.05,334.0,900,10,2026-02-27 20:24:15.700808,2026-02-27 20:24:15.773150,-234450.00000000012
PAPER-1772204055,SENSEX 05MAR 81300 PE,"BB8, BB12, BB17, CBB0, CBB4, Green",363.85,351.55,900,10,2026-02-27 20:24:15.919118,2026-02-27 20:24:15.993053,-110700.0000000001
PAPER-1772204055,SENSEX 05MAR 81300 PE,"BB8, CBB0, CBB4",363.85,356.2,900,10,2026-02-27 20:24:15.994392,2026-02-27 20:24:16.068218,-68850.0000000003
PAPER-1772204056,SENSEX 05MAR 81300 PE,"BB8, CBB0, CBB4",363.85,336.2,900,10,2026-02-27 20:24:16.069574,2026-02-27 20:24:16.142441,-248850.00000000032
PAPER-1772204062,SENSEX 05MAR 81300 PE,"BB12, CBB0, CBB4",142.35,138.35,900,10,2026-02-27 20:24:22.902162,2026-02-27 20:24:22.989645,-36000.0
PAPER-1772204062,SENSEX 05MAR 81300 PE,"CBB0, CBB4",142.35,137.75,900,10,2026-02-27 20:24:22.991050,2026-02-27 20:24:23.078152,-41399.99999999995
PAPER-1772204063,SENSEX 05MAR 81300 PE,"CBB0, CBB4",142.35,133.75,900,10,2026-02-27 20:24:23.166846,2026-02-27 20:24:23.253932,-77399.99999999994
PAPER-1772204063,SENSEX 05MAR 81300 PE,"BB12, BB17, CBB0, CBB4, Green",145.2,137.85,900,10,2026-02-27 20:24:23.689589,2026-02-27 20:24:23.866669,-66149.99999999994
PAPER-1772204064,SENSEX 05MAR 81300 PE,"BB1, BB2, BB5, BB12, BB17, CBB0, CBB1, CBB2, CBB6, CBB7, Green",202.25,196.15,900,10,2026-02-27 20:24:24.761310,2026-02-27 20:24:24.946389,-54899.99999999995
PAPER-1772204064,SENSEX 05MAR 81300 PE,"BB1, BB2, BB5, BB12, BB17, CBB0, CBB1, CBB2, CBB6, CBB7, Green",207.25,198.2,900,10,2026-02-27 20:24:24.947856,2026-02-27 20:24:25.039814,-81450.0000000001
PAPER-1772204065,SENSEX 05MAR 81300 PE,"BB1, BB2, BB5, BB12, BB17, CBB0, CBB1, CBB2, CBB6, CBB7, Green",207.25,202.85,900,10,2026-02-27 20:24:25.041191,2026-02-27 20:24:25.131726,-39600.00000000005
PAPER-1772204067,SENSEX 05MAR 81300 PE,"CBBR1, CBBR2, CBBR7",246.9,263.5,900,10,2026-02-27 20:24:27.428094,2026-02-27 20:24:27.899652,149399.99999999994
PAPER-1772204068,SENSEX 05MAR 81300 PE,"CBBR1, CBBR2, CBBR7",258.65,250.8,900,10,2026-02-27 20:24:28.472244,2026-02-27 20:24:28.956390,-70649.9999999997
PAPER-1772204069,SENSEX 05MAR 81300 PE,"CBBR1, CBBR3, CBBR6",254.0,275.0,900,10,2026-02-27 20:24:29.631227,2026-02-27 20:24:30.219260,189000.0
PAPER-1772204070,SENSEX 05MAR 81300 PE,"BB8, CBBR2",257.6,250.0,900,10,2026-02-27 20:24:30.516274,2026-02-27 20:24:30.717172,-68400.0000000002
PAPER-1772204070,SENSEX 05MAR 81300 PE,"BB8, CBBR2",257.6,237.2,900,10,2026-02-27 20:24:30.718595,2026-02-27 20:24:30.819227,-183600.00000000032
PAPER-1772204070,SENSEX 05MAR 81300 PE,"BB8, CBBR2",257.6,240.05,900,10,2026-02-27 20:24:30.820587,2026-02-27 20:24:30.921202,-157950.00000000012
PAPER-1772204071,SENSEX 05MAR 81300 PE,CBBR1,253.1,238.1,900,10,2026-02-27 20:24:31.246119,2026-02-27 20:24:31.445491,-135000.0
PAPER-1772204071,SENSEX 05MAR 81300 PE,"CBBR1, CBBR2, CBBR5, CBBR7",252.7,254.7,900,10,2026-02-27 20:24:31.846837,2026-02-27 20:24:32.561269,18000.0
PAPER-1772204074,SENSEX 05MAR 81300 PE,"BB1, BB9, BB12, CBB0, CBB4, Green",245.15,236.35,900,10,2026-02-27 20:24:34.213247,2026-02-27 20:24:34.424849,-79200.0000000001
PAPER-1772204074,SENSEX 05MAR 81300 PE,"BB1, BB9, BB12, CBB0, CBB4, Green",245.15,234.95,900,10,2026-02-27 20:24:34.426177,2026-02-27 20:24:34.531819,-91800.00000000016
PAPER-1772204074,SENSEX 05MAR 81300 PE,"BB1, BB9, BB12, CBB0, CBB4, Green",245.15,231.8,900,10,2026-02-27 20:24:34.533123,2026-02-27 20:24:34.637998,-120149.99999999994
PAPER-1772204076,SENSEX 05MAR 81300 PE,"BB1, BB2, BB5, BB10, BB12, CBB0, Green",217.45,205.8,900,10,2026-02-27 20:24:36.313813,2026-02-27 20:24:36.421915,-104849.9999999998
PAPER-1772204076,SENSEX 05MAR 81300 PE,"BB1, BB2, BB5, BB10, BB12, CBB0, Green",218.05,208.2,900,10,2026-02-27 20:24:36.423483,2026-02-27 20:24:36.639394,-88650.0000000002
PAPER-1772204076,SENSEX 05MAR 81300 PE,"BB1, BB2, BB5, BB10, BB12, CBB0, Green",219.9,204.4,900,10,2026-02-27 20:24:36.640748,2026-02-27 20:24:36.747350,-139500.0
PAPER-1772204078,SENSEX 05MAR 81300 PE,"BB13, Green",172.85,190.7,900,10,2026-02-27 20:24:38.885119,2026-02-27 20:24:39.650989,160649.99999999994
PAPER-1772204083,SENSEX 05MAR 81300 PE,"BB12, CBBR2, CBBR7",181.4,179.95,900,10,2026-02-27 20:24:43.286141,2026-02-27 20:24:43.736884,-13050.000000000153
PAPER-1772204084,SENSEX 05MAR 81300 PE,"CBBR2, CBBR7",166.95,180.0,900,10,2026-02-27 20:24:44.409071,2026-02-27 20:24:45.090838,117450.0000000001
PAPER-1772204087,SENSEX 05MAR 81300 PE,CBBR2,160.35,209.15,900,10,2026-02-27 20:24:47.715440,2026-02-27 20:24:49.348034,439200.0000000001
PAPER-1772204092,SENSEX 05MAR 81300 PE,CBBR2,221.45,260.9,900,10,2026-02-27 20:24:52.051068,2026-02-27 20:24:54.246780,355049.9999999999
PAPER-1772204096,SENSEX 05MAR 81300 PE,"BB8, CBBR2, CBBR7",253.25,237.3,900,10,2026-02-27 20:24:56.177603,2026-02-27 20:24:56.300884,-143549.99999999988
PAPER-1772204096,SENSEX 05MAR 81300 PE,"BB8, CBBR2, CBBR7",253.25,238.85,900,10,2026-02-27 20:24:56.302966,2026-02-27 20:24:56.426031,-129600.00000000006
PAPER-1772204096,SENSEX 05MAR 81300 PE,"BB8, CBBR2, CBBR7",253.25,236.6,900,10,2026-02-27 20:24:56.427398,2026-02-27 20:24:56.551096,-149850.00000000006
PAPER-1772204096,SENSEX 05MAR 81300 PE,"BB8, CBBR2, CBBR7",253.25,242.05,900,10,2026-02-27 20:24:56.552489,2026-02-27 20:24:56.675440,-100799.9999999999
PAPER-1772204096,SENSEX 05MAR 81300 PE,"BB8, CBBR2, CBBR7",253.25,246.4,900,10,2026-02-27 20:24:56.676813,2026-02-27 20:24:56.799966,-61649.99999999995
PAPER-1772204099,SENSEX 05MAR 81300 PE,"CBBR2, CBBR7",245.0,263.95,900,10,2026-02-27 20:24:59.009071,2026-02-27 20:25:00.505329,170549.99999999988
PAPER-1772204103,SENSEX 05MAR 81300 PE,CBBR2,255.9,252.0,900,10,2026-02-27 20:25:03.409910,2026-02-27 20:25:04.050418,-35100.00000000005
PAPER-1772204105,SENSEX 05MAR 81300 PE,NRCB,257.85,250.45,900,10,2026-02-27 20:25:05.330045,2026-02-27 20:25:05.977836,-66600.0000000003
PAPER-1772204107,SENSEX 05MAR 81300 PE,"NRCB, CBB0, CBB5, CBB6",244.35,238.4,900,10,2026-02-27 20:25:07.674187,2026-02-27 20:25:08.200281,-53549.9999999999
PAPER-1772204113,SENSEX 05MAR 81300 PE,"BB13, Green",190.0,182.9,900,10,2026-02-27 20:25:13.328357,2026-02-27 20:25:13.464581,-63899.99999999995
PAPER-1772204113,SENSEX 05MAR 81300 PE,"BB13, Green",190.0,184.95,900,10,2026-02-27 20:25:13.466127,2026-02-27 20:25:13.599698,-45450.0000000001
PAPER-1772204116,SENSEX 05MAR 81300 PE,"BB12, BB17, CBB0, CBB1, CBB4, Green",265.15,254.05,900,10,2026-02-27 20:25:16.279098,2026-02-27 20:25:16.416184,-99899.9999999997
PAPER-1772204116,SENSEX 05MAR 81300 PE,"BB12, BB17, CBB0, CBB1, CBB4, Green",265.4,259.35,900,10,2026-02-27 20:25:16.418391,2026-02-27 20:25:16.555502,-54449.99999999959
PAPER-1772204116,SENSEX 05MAR 81300 PE,"BB12, BB17, CBB0, CBB1, CBB4, Green",265.4,271.6,900,10,2026-02-27 20:25:16.557008,2026-02-27 20:25:16.978737,55800.00000000041
PAPER-1772204119,SENSEX 05MAR 81300 PE,"BB8, BB12, BB13, Green",300.75,292.75,900,10,2026-02-27 20:25:19.050174,2026-02-27 20:25:19.471149,-72000.0
PAPER-1772204119,SENSEX 05MAR 81300 PE,"NRCB, BB8, BB13, CBBR3, Green",313.95,276.4,900,10,2026-02-27 20:25:19.472618,2026-02-27 20:25:19.633104,-337950.0000000001
PAPER-1772204119,SENSEX 05MAR 81300 PE,"NRCB, BB8, BB13, CBBR3, Green",313.95,284.05,900,10,2026-02-27 20:25:19.634486,2026-02-27 20:25:19.772373,-269099.99999999977
PAPER-1772204121,SENSEX 05MAR 81300 PE,"BB1, BB8, BB9, BB10, BB11, CBB0, CBB4",308.0,291.6,900,10,2026-02-27 20:25:21.010777,2026-02-27 20:25:21.286750,-147599.9999999998
PAPER-1772204126,SENSEX 05MAR 81300 PE,CBBR2,335.0,324.65,900,10,2026-02-27 20:25:26.739895,2026-02-27 20:25:26.882663,-93150.0000000002
PAPER-1772204126,SENSEX 05MAR 81300 PE,CBBR2,335.0,311.9,900,10,2026-02-27 20:25:26.884142,2026-02-27 20:25:27.027680,-207900.0000000002
PAPER-1772204127,SENSEX 05MAR 81300 PE,CBBR2,335.0,319.4,900,10,2026-02-27 20:25:27.029047,2026-02-27 20:25:27.171424,-140400.0000000002
PAPER-1772204127,SENSEX 05MAR 81300 PE,CBBR2,335.0,323.75,900,10,2026-02-27 20:25:27.172979,2026-02-27 20:25:27.316529,-101250.0
PAPER-1772204127,SENSEX 05MAR 81300 PE,CBBR2,335.0,312.4,900,10,2026-02-27 20:25:27.317874,2026-02-27 20:25:27.461053,-203400.0000000002
PAPER-1772204128,SENSEX 05MAR 81300 PE,CBBR6,330.45,326.75,900,10,2026-02-27 20:25:28.316035,2026-02-27 20:25:29.177146,-33299.9999999999
PAPER-1772204130,SENSEX 05MAR 81300 PE,"CBB0, CBB3",345.25,336.85,900,10,2026-02-27 20:25:30.178617,2026-02-27 20:25:31.182777,-75599.9999999998
PAPER-1772204131,SENSEX 05MAR 81300 PE,CBBR2,324.2,317.1,900,10,2026-02-27 20:25:31.761339,2026-02-27 20:25:32.053293,-63899.999999999694
PAPER-1772204132,SENSEX 05MAR 81300 PE,CBBR2,324.6,315.05,900,10,2026-02-27 20:25:32.054725,2026-02-27 20:25:32.201100,-85950.0000000001
PAPER-1772204132,SENSEX 05MAR 81300 PE,CBBR2,324.6,307.8,900,10,2026-02-27 20:25:32.202503,2026-02-27 20:25:32.348760,-151200.00000000012
PAPER-1772204132,SENSEX 05MAR 81300 PE,CBBR2,324.6,315.55,900,10,2026-02-27 20:25:32.350104,2026-02-27 20:25:32.497915,-81450.0000000001
PAPER-1772204134,SENSEX 05MAR 81300 PE,"BB5, BB6, BB11, BB12, CBB0, CBB7",326.55,316.25,900,10,2026-02-27 20:25:34.411921,2026-02-27 20:25:34.559237,-92700.0000000001
PAPER-1772204134,SENSEX 05MAR 81300 PE,"BB5, BB6, BB11, CBB0, CBB7",326.55,359.0,900,10,2026-02-27 20:25:34.560648,2026-02-27 20:25:35.885240,292049.9999999999
PAPER-1772204135,SENSEX 05MAR 81300 PE,"BB8, BB9, BB10, BB11, BB12, CBB0, CBB1, CBB2, CBB6, CBB7, Green",361.4,371.0,900,10,2026-02-27 20:25:35.886700,2026-02-27 20:25:36.770939,86400.0000000002
PAPER-1772204140,SENSEX 05MAR 81300 PE,"BB13, Green",342.75,361.0,900,10,2026-02-27 20:25:40.628753,2026-02-27 20:25:42.746879,164250.0
PAPER-1772204144,SENSEX 05MAR 81300 PE,"BB8, CBBR2",348.0,338.7,900,10,2026-02-27 20:25:44.415569,2026-02-27 20:25:44.725317,-83700.0000000001
PAPER-1772204144,SENSEX 05MAR 81300 PE,"BB8, CBBR2",349.5,350.55,900,10,2026-02-27 20:25:44.726719,2026-02-27 20:25:46.884011,9450.000000000102
PAPER-1772204150,SENSEX 05MAR 81300 PE,CBBR2,360.8,353.5,900,10,2026-02-27 20:25:50.852243,2026-02-27 20:25:51.008419,-65700.0000000001
PAPER-1772204151,SENSEX 05MAR 81300 PE,CBBR2,362.35,349.8,900,10,2026-02-27 20:25:51.009918,2026-02-27 20:25:51.167090,-112950.0000000001
PAPER-1772204151,SENSEX 05MAR 81300 PE,CBBR2,362.35,351.85,900,10,2026-02-27 20:25:51.168553,2026-02-27 20:25:51.639724,-94500.0
PAPER-1772204159,SENSEX 05MAR 81300 PE,"NRCB, BB5, BB11, BB12, CBB0",309.8,287.0,900,10,2026-02-27 20:25:59.676618,2026-02-27 20:25:59.998661,-205200.00000000012
PAPER-1772204160,SENSEX 05MAR 81300 PE,"NRCB, BB5, BB11, BB12",310.4,287.25,900,10,2026-02-27 20:26:00.000178,2026-02-27 20:26:00.164546,-208349.9999999998
PAPER-1772204160,SENSEX 05MAR 81300 PE,"NRCB, BB5, BB11, BB12",310.4,285.35,900,10,2026-02-27 20:26:00.166428,2026-02-27 20:26:00.326552,-225449.9999999996
PAPER-1772204161,SENSEX 05MAR 81300 PE,"BB11, BB12, CBB0, CBB8",298.7,297.35,900,10,2026-02-27 20:26:01.130986,2026-02-27 20:26:01.942384,-12149.999999999693
PAPER-1772204165,SENSEX 05MAR 81300 PE,"BB13, Green",334.15,328.4,900,10,2026-02-27 20:26:05.255236,2026-02-27 20:26:06.566156,-51750.0
PAPER-1772204168,SENSEX 05MAR 81300 PE,"NRCB, BB12, CBBR3",411.3,443.2,900,10,2026-02-27 20:26:08.527363,2026-02-27 20:26:08.858789,287099.99999999977
PAPER-1772204168,SENSEX 05MAR 81300 PE,"NRCB, BB12, CBBR3",462.7,564.85,900,10,2026-02-27 20:26:08.860265,2026-02-27 20:26:09.522716,919350.0000000003
PAPER-1772204171,SENSEX 05MAR 81300 PE,"BB8, CBBR2",473.8,460.9,900,10,2026-02-27 20:26:11.834080,2026-02-27 20:26:12.504253,-116100.0000000003
PAPER-1772204172,SENSEX 05MAR 81300 PE,"BB8, CBBR2",477.95,462.25,900,10,2026-02-27 20:26:12.505723,2026-02-27 20:26:12.673601,-141299.99999999988
PAPER-1772204174,SENSEX 05MAR 81400 CE,"BB17, Green",1661.75,1736.05,900,10,2026-02-27 20:26:14.368529,2026-02-27 20:26:14.561390,668699.9999999995
PAPER-1772204177,SENSEX 05MAR 81400 CE,"BB12, BB17, CBB0, CBB4, Green",1316.9,1275.85,900,10,2026-02-27 20:26:17.392232,2026-02-27 20:26:17.632908,-369450.00000000163
PAPER-1772204178,SENSEX 05MAR 81400 CE,"BB13, CBB0, CBB4, Green",1301.75,1378.65,900,10,2026-02-27 20:26:18.070791,2026-02-27 20:26:18.323256,692100.0000000008
PAPER-1772204178,SENSEX 05MAR 81400 CE,"CBB0, CBB4",1334.65,1285.4,900,10,2026-02-27 20:26:18.580180,2026-02-27 20:26:18.644776,-443250.0
PAPER-1772204179,SENSEX 05MAR 81400 CE,NRCB,1089.8,1066.75,900,10,2026-02-27 20:26:19.924798,2026-02-27 20:26:20.276955,-207449.9999999996
PAPER-1772204181,SENSEX 05MAR 81400 CE,"BB12, BB17, CBB0, CBB4, CBB8, Green",1090.15,1056.0,900,10,2026-02-27 20:26:21.001386,2026-02-27 20:26:21.294771,-307350.0000000008
PAPER-1772204181,SENSEX 05MAR 81400 CE,"BB12, BB17, CBB0, CBB5, CBB6, CBB7, Green",1090.0,1192.6,900,10,2026-02-27 20:26:21.969472,2026-02-27 20:26:22.761713,923399.9999999992
PAPER-1772204182,SENSEX 05MAR 81400 CE,CBBR2,1182.65,932.85,900,10,2026-02-27 20:26:22.998948,2026-02-27 20:26:23.322064,-2248200.000000001
PAPER-1772204185,SENSEX 05MAR 81400 CE,"BB15, Green",899.95,860.5,900,10,2026-02-27 20:26:25.241472,2026-02-27 20:26:25.485332,-355050.0000000004
PAPER-1772204189,SENSEX 05MAR 81400 CE,"BB10, BB12, Green",827.7,810.5,900,10,2026-02-27 20:26:29.558098,2026-02-27 20:26:29.820590,-154800.0000000004
PAPER-1772204189,SENSEX 05MAR 81400 CE,"BB10, BB12, Green",837.95,818.55,900,10,2026-02-27 20:26:29.822885,2026-02-27 20:26:29.909764,-174600.00000000081
PAPER-1772204192,SENSEX 05MAR 81400 CE,"BB10, BB12, CBB0, CBB1, CBB3",820.0,816.65,900,10,2026-02-27 20:26:32.802738,2026-02-27 20:26:33.705213,-30150.000000000204
PAPER-1772204193,SENSEX 05MAR 81400 CE,"BB12, CBB0, CBB1, CBB4, CBB8",845.6,813.9,900,10,2026-02-27 20:26:33.706685,2026-02-27 20:26:33.798025,-285300.0000000004
PAPER-1772204193,SENSEX 05MAR 81400 CE,"BB12, CBB0, CBB1, CBB4, CBB8",845.6,809.4,900,10,2026-02-27 20:26:33.799403,2026-02-27 20:26:33.889644,-325800.0000000004
PAPER-1772204196,SENSEX 05MAR 81400 CE,"NRCB, BB12",766.45,781.15,900,10,2026-02-27 20:26:36.163395,2026-02-27 20:26:37.932634,132299.9999999994
PAPER-1772204200,SENSEX 05MAR 81400 CE,"NRCB, BB12, CBBR3, CBBR6",768.9,752.3,900,10,2026-02-27 20:26:40.223697,2026-02-27 20:26:40.320421,-149400.0000000002
PAPER-1772204200,SENSEX 05MAR 81400 CE,"NRCB, CBBR3, CBBR6",769.95,750.35,900,10,2026-02-27 20:26:40.322822,2026-02-27 20:26:40.418911,-176400.0000000002
PAPER-1772204201,SENSEX 05MAR 81400 CE,CBBR6,743.55,710.0,900,10,2026-02-27 20:26:41.955877,2026-02-27 20:26:42.053610,-301949.9999999996
PAPER-1772204203,SENSEX 05MAR 81400 CE,CBBR4,723.6,708.3,900,10,2026-02-27 20:26:43.809041,2026-02-27 20:26:47.011085,-137700.0000000006
PAPER-1772204207,SENSEX 05MAR 81400 CE,CBBR3,740.0,717.0,900,10,2026-02-27 20:26:47.113942,2026-02-27 20:26:47.216544,-207000.0
PAPER-1772204207,SENSEX 05MAR 81400 CE,CBBR3,740.0,734.0,900,10,2026-02-27 20:26:47.217858,2026-02-27 20:26:47.521645,-54000.0
PAPER-1772204208,SENSEX 05MAR 81400 CE,"BB12, CBBR3",807.5,776.0,900,10,2026-02-27 20:26:48.849298,2026-02-27 20:26:49.585208,-283500.0
PAPER-1772204210,SENSEX 05MAR 81400 CE,"BB6, CBB0, CBB3",802.05,779.6,900,10,2026-02-27 20:26:50.440066,2026-02-27 20:26:50.545827,-202049.9999999994
PAPER-1772204210,SENSEX 05MAR 81400 CE,"BB6, CBB0, CBB3",802.05,769.15,900,10,2026-02-27 20:26:50.547276,2026-02-27 20:26:50.654508,-296099.99999999977
PAPER-1772204210,SENSEX 05MAR 81400 CE,"BB6, CBB0, CBB3",802.05,760.0,900,10,2026-02-27 20:26:50.655871,2026-02-27 20:26:50.761202,-378449.9999999996
PAPER-1772204210,SENSEX 05MAR 81400 CE,"BB6, CBB0, CBB3",802.05,767.8,900,10,2026-02-27 20:26:50.762549,2026-02-27 20:26:50.869186,-308250.0
PAPER-1772204210,SENSEX 05MAR 81400 CE,"BB6, CBB0, CBB3",802.05,768.5,900,10,2026-02-27 20:26:50.870561,2026-02-27 20:26:50.976072,-301949.9999999996
PAPER-1772204211,SENSEX 05MAR 81400 CE,"CBBR2, CBBR7",768.3,749.6,900,10,2026-02-27 20:26:51.503596,2026-02-27 20:26:51.716021,-168299.9999999994
PAPER-1772204211,SENSEX 05MAR 81400 CE,"CBBR2, CBBR7",777.15,754.45,900,10,2026-02-27 20:26:51.717434,2026-02-27 20:26:51.823469,-204299.9999999994
PAPER-1772204211,SENSEX 05MAR 81400 CE,"CBBR2, CBBR7",777.15,748.05,900,10,2026-02-27 20:26:51.824857,2026-02-27 20:26:51.930775,-261900.0000000002
PAPER-1772204211,SENSEX 05MAR 81400 CE,"CBBR2, CBBR7",777.15,737.7,900,10,2026-02-27 20:26:51.932133,2026-02-27 20:26:52.038134,-355049.99999999936
PAPER-1772204214,SENSEX 05MAR 81400 CE,"CBB0, CBB1, CBB3",725.0,710.0,900,10,2026-02-27 20:26:54.684730,2026-02-27 20:26:54.902026,-135000.0
PAPER-1772204214,SENSEX 05MAR 81400 CE,"CBB0, CBB1, CBB3",725.0,702.6,900,10,2026-02-27 20:26:54.904188,2026-02-27 20:26:55.230739,-201599.9999999998
PAPER-1772204222,SENSEX 05MAR 81400 PE,"BB17, Green",290.4,284.55,900,10,2026-02-27 20:27:02.340367,2026-02-27 20:27:02.633698,-52649.999999999694
PAPER-1772204222,SENSEX 05MAR 81400 PE,"BB17, Green",286.15,286.2,900,10,2026-02-27 20:27:02.832508,2026-02-27 20:27:03.440604,450.0000000001023
PAPER-1772204223,SENSEX 05MAR 81400 PE,"BB12, BB17, Green",278.95,275.8,900,10,2026-02-27 20:27:03.758621,2026-02-27 20:27:04.029825,-28349.999999999796
PAPER-1772204225,SENSEX 05MAR 81400 PE,"BB12, BB13, Green",245.45,262.55,900,10,2026-02-27 20:27:05.729245,2026-02-27 20:27:06.022111,153900.0000000002
PAPER-1772204226,SENSEX 05MAR 81400 PE,"BB5, BB12, BB17, CBB0, CBB1, CBB3, CBB4, CBB8, Green",304.15,306.85,900,10,2026-02-27 20:27:06.382191,2026-02-27 20:27:06.629592,24300.000000000407
PAPER-1772204226,SENSEX 05MAR 81400 PE,"BB5, BB12, BB17, CBB0, CBB1, CBB3, CBB4, CBB8, Green",324.75,315.05,900,10,2026-02-27 20:27:06.630897,2026-02-27 20:27:06.752644,-87299.9999999999
PAPER-1772204226,SENSEX 05MAR 81400 PE,"BB8, Green",323.55,313.6,900,10,2026-02-27 20:27:06.998026,2026-02-27 20:27:07.186664,-89549.9999999999
PAPER-1772204227,SENSEX 05MAR 81400 PE,"BB8, Green",323.65,314.2,900,10,2026-02-27 20:27:07.188088,2026-02-27 20:27:07.249874,-85049.9999999999
PAPER-1772204229,SENSEX 05MAR 81400 PE,"BB12, BB17, Green",276.05,303.3,900,10,2026-02-27 20:27:09.855916,2026-02-27 20:27:10.199129,245250.0
PAPER-1772204230,SENSEX 05MAR 81400 PE,"BB8, BB12, CBB0, CBB3, CBB4, Green",322.05,283.65,900,10,2026-02-27 20:27:10.892868,2026-02-27 20:27:11.036756,-345600.0000000003
PAPER-1772204231,SENSEX 05MAR 81400 PE,"BB8, Green",322.85,300.75,900,10,2026-02-27 20:27:11.038198,2026-02-27 20:27:11.109767,-198900.0000000002
PAPER-1772204231,SENSEX 05MAR 81400 PE,"BB8, Green",322.85,294.4,900,10,2026-02-27 20:27:11.111157,2026-02-27 20:27:11.185831,-256050.0000000004
PAPER-1772204231,SENSEX 05MAR 81400 PE,"BB8, Green",322.85,298.6,900,10,2026-02-27 20:27:11.187185,2026-02-27 20:27:11.258806,-218250.0
PAPER-1772204232,SENSEX 05MAR 81400 PE,"BB17, Green",198.2,192.25,900,10,2026-02-27 20:27:12.986337,2026-02-27 20:27:13.351271,-53549.9999999999
PAPER-1772204233,SENSEX 05MAR 81400 PE,"CBB0, CBB1, CBB3",212.55,204.9,900,10,2026-02-27 20:27:13.649550,2026-02-27 20:27:13.724276,-68850.00000000006
PAPER-1772204234,SENSEX 05MAR 81400 PE,"BB1, BB12, BB17, CBB0, Green",218.95,242.8,900,10,2026-02-27 20:27:14.325491,2026-02-27 20:27:15.173090,214650.0000000002
PAPER-1772204236,SENSEX 05MAR 81400 PE,"BB5, BB8, BB12, CBB0, CBB8",232.9,232.2,900,10,2026-02-27 20:27:16.844803,2026-02-27 20:27:17.012294,-6300.000000000154
PAPER-1772204238,SENSEX 05MAR 81400 PE,"BB17, Green",214.95,228.45,900,10,2026-02-27 20:27:18.474565,2026-02-27 20:27:19.735656,121500.0
PAPER-1772204241,SENSEX 05MAR 81400 PE,"CBBR1, CBBR3",311.1,296.9,900,10,2026-02-27 20:27:21.526886,2026-02-27 20:27:21.617692,-127800.00000000041
PAPER-1772204242,SENSEX 05MAR 81400 PE,"BB8, CBBR2, CBBR7",282.35,269.05,900,10,2026-02-27 20:27:22.075311,2026-02-27 20:27:22.812895,-119700.0000000001
PAPER-1772204243,SENSEX 05MAR 81400 PE,"CBBR1, CBBR2, CBBR7",285.15,308.6,900,10,2026-02-27 20:27:23.000632,2026-02-27 20:27:23.566196,211050.0000000004
PAPER-1772204244,SENSEX 05MAR 81400 PE,"BB6, BB8, CBB0, CBB4, Green",302.0,295.4,900,10,2026-02-27 20:27:24.130874,2026-02-27 20:27:24.322993,-59400.000000000204
PAPER-1772204244,SENSEX 05MAR 81400 PE,"BB6, BB8, CBB0, CBB4, Green",302.0,290.05,900,10,2026-02-27 20:27:24.324409,2026-02-27 20:27:24.516468,-107549.9999999999
PAPER-1772204244,SENSEX 05MAR 81400 PE,CBBR2,282.0,310.1,900,10,2026-02-27 20:27:24.710732,2026-02-27 20:27:25.582579,252900.0000000002
PAPER-1772204245,SENSEX 05MAR 81400 PE,"BB12, CBB0, CBB8",311.15,294.45,900,10,2026-02-27 20:27:25.583944,2026-02-27 20:27:25.780459,-150299.99999999988
PAPER-1772204246,SENSEX 05MAR 81400 PE,"BB12, BB17, CBB0, CBB4, Green",273.35,262.65,900,10,2026-02-27 20:27:26.915503,2026-02-27 20:27:27.016603,-96300.00000000041
PAPER-1772204247,SENSEX 05MAR 81400 PE,"BB17, CBB0, CBB4, Green",273.35,257.3,900,10,2026-02-27 20:27:27.018024,2026-02-27 20:27:27.121927,-144450.00000000012
PAPER-1772204247,SENSEX 05MAR 81400 PE,"BB17, CBB0, CBB4, Green",273.35,260.65,900,10,2026-02-27 20:27:27.123800,2026-02-27 20:27:27.224539,-114300.00000000041
PAPER-1772204247,SENSEX 05MAR 81400 PE,"BB5, BB12, CBB0, CBB4, Green",275.3,300.1,900,10,2026-02-27 20:27:27.428913,2026-02-27 20:27:29.093954,223200.00000000012
PAPER-1772204249,SENSEX 05MAR 81400 PE,"BB12, BB17, CBB0, Green",309.95,327.75,900,10,2026-02-27 20:27:29.532007,2026-02-27 20:27:30.164967,160200.00000000012
PAPER-1772204250,SENSEX 05MAR 81400 PE,CBBR2,320.25,373.4,900,10,2026-02-27 20:27:30.479651,2026-02-27 20:27:31.640437,478349.99999999977
PAPER-1772204253,SENSEX 05MAR 81400 PE,"CBBR1, CBBR2, CBBR3, CBBR7",344.4,432.95,900,10,2026-02-27 20:27:33.880492,2026-02-27 20:27:35.083716,796950.0000000001
PAPER-1772204256,SENSEX 05MAR 81400 PE,"CBB0, CBB4",416.85,405.0,900,10,2026-02-27 20:27:36.516027,2026-02-27 20:27:36.742262,-106650.0000000002
PAPER-1772204256,SENSEX 05MAR 81400 PE,"CBB0, CBB4",419.05,402.7,900,10,2026-02-27 20:27:36.743716,2026-02-27 20:27:36.856862,-147150.0000000002
PAPER-1772204256,SENSEX 05MAR 81400 PE,"BB17, CBB0, CBB4, Green",419.05,377.25,900,10,2026-02-27 20:27:36.858222,2026-02-27 20:27:36.970261,-376200.0000000001
PAPER-1772204261,SENSEX 05MAR 81400 PE,"BB12, CBB0, CBB8",385.3,374.35,900,10,2026-02-27 20:27:41.166670,2026-02-27 20:27:41.282807,-98549.9999999999
PAPER-1772204261,SENSEX 05MAR 81400 PE,"BB12, CBB0, CBB8",385.3,370.0,900,10,2026-02-27 20:27:41.284259,2026-02-27 20:27:41.400772,-137700.00000000012
PAPER-1772204261,SENSEX 05MAR 81400 PE,"CBB0, CBB8",385.3,354.2,900,10,2026-02-27 20:27:41.402149,2026-02-27 20:27:41.516780,-279900.00000000023
PAPER-1772204261,SENSEX 05MAR 81400 PE,"CBB0, CBB8",385.3,358.75,900,10,2026-02-27 20:27:41.633948,2026-02-27 20:27:41.750115,-238950.00000000012
PAPER-1772204272,SENSEX 05MAR 81400 PE,"BB13, Green",146.75,146.7,900,10,2026-02-27 20:27:52.975261,2026-02-27 20:27:57.143678,-450.0000000001023
PAPER-1772204279,SENSEX 05MAR 81400 PE,"BB12, CBB0, CBB3, CBB4",153.95,150.4,900,10,2026-02-27 20:27:59.340668,2026-02-27 20:27:59.604893,-31949.999999999847
PAPER-1772204280,SENSEX 05MAR 81400 PE,"BB13, Green",149.55,148.9,900,10,2026-02-27 20:28:00.660277,2026-02-27 20:28:01.194892,-5850.000000000051
PAPER-1772204281,SENSEX 05MAR 81400 PE,"CBBR1, CBBR2, CBBR7",153.9,148.95,900,10,2026-02-27 20:28:01.462772,2026-02-27 20:28:01.596657,-44550.00000000015
PAPER-1772204281,SENSEX 05MAR 81400 PE,"CBBR1, CBBR2, CBBR3, CBBR4, CBBR6, CBBR7",160.0,215.9,900,10,2026-02-27 20:28:01.732609,2026-02-27 20:28:03.091141,503100.0
PAPER-1772204283,SENSEX 05MAR 81400 PE,"BB5, BB6, BB8, BB12, BB17, CBB0, CBB1, CBB3, Green",227.9,219.35,900,10,2026-02-27 20:28:03.093262,2026-02-27 20:28:03.229587,-76950.0000000001
PAPER-1772204285,SENSEX 05MAR 81400 PE,"CBB0, CBB2, CBB6",282.45,273.95,900,10,2026-02-27 20:28:05.268485,2026-02-27 20:28:05.849794,-76500.0
PAPER-1772204285,SENSEX 05MAR 81400 PE,"CBB0, CBB2, CBB6",288.0,273.15,900,10,2026-02-27 20:28:05.851930,2026-02-27 20:28:06.126882,-133650.0000000002
PAPER-1772204286,SENSEX 05MAR 81400 PE,"CBB0, CBB8",276.55,258.8,900,10,2026-02-27 20:28:06.958493,2026-02-27 20:28:07.238555,-159750.0
PAPER-1772204287,SENSEX 05MAR 81400 PE,"CBB0, CBB8",276.55,255.8,900,10,2026-02-27 20:28:07.240112,2026-02-27 20:28:07.379755,-186750.0
PAPER-1772204288,SENSEX 05MAR 81400 PE,"CBBR1, CBBR2, CBBR7",279.2,269.75,900,10,2026-02-27 20:28:08.914346,2026-02-27 20:28:09.618158,-85049.9999999999
PAPER-1772204291,SENSEX 05MAR 81400 PE,"BB8, CBBR2, CBBR7",283.15,264.65,900,10,2026-02-27 20:28:11.748916,2026-02-27 20:28:11.892810,-166500.0
PAPER-1772204291,SENSEX 05MAR 81400 PE,"BB8, CBBR2, CBBR7",283.15,257.35,900,10,2026-02-27 20:28:11.894636,2026-02-27 20:28:12.039488,-232199.9999999996
PAPER-1772204292,SENSEX 05MAR 81400 PE,"BB8, CBBR2, CBBR7",283.15,255.35,900,10,2026-02-27 20:28:12.040973,2026-02-27 20:28:12.185420,-250199.99999999985
PAPER-1772204294,SENSEX 05MAR 81400 PE,"BB17, Green",274.6,270.9,900,10,2026-02-27 20:28:14.490893,2026-02-27 20:28:15.804670,-33300.00000000041
PAPER-1772204298,SENSEX 05MAR 81400 PE,"BB12, BB17, CBB0, CBB4, Green",266.6,256.6,900,10,2026-02-27 20:28:18.770294,2026-02-27 20:28:19.072715,-90000.0
PAPER-1772204299,SENSEX 05MAR 81400 PE,"BB12, CBB0, CBB4",266.6,259.7,900,10,2026-02-27 20:28:19.074175,2026-02-27 20:28:19.226284,-62100.000000000306
PAPER-1772204299,SENSEX 05MAR 81400 PE,"BB12, CBB0, CBB4",266.6,258.7,900,10,2026-02-27 20:28:19.231433,2026-02-27 20:28:19.382575,-71100.0000000003
PAPER-1772204299,SENSEX 05MAR 81400 PE,"BB12, CBB0, CBB4",266.6,255.85,900,10,2026-02-27 20:28:19.384005,2026-02-27 20:28:19.534457,-96750.00000000026
PAPER-1772204301,SENSEX 05MAR 81400 PE,"NRCB, BB5, BB12, CBB0, CBB4, Green",239.95,228.7,900,10,2026-02-27 20:28:21.658244,2026-02-27 20:28:21.962638,-101250.0
PAPER-1772204301,SENSEX 05MAR 81400 PE,"NRCB, BB5, BB12, CBB0, CBB4, Green",247.45,239.55,900,10,2026-02-27 20:28:21.964769,2026-02-27 20:28:22.117297,-71099.9999999998
PAPER-1772204302,SENSEX 05MAR 81400 PE,"NRCB, BB5, BB12, CBB0, CBB4, Green",247.45,231.0,900,10,2026-02-27 20:28:22.119197,2026-02-27 20:28:22.271748,-148049.99999999988
PAPER-1772204302,SENSEX 05MAR 81400 PE,"NRCB, BB5, BB12, CBB0, CBB4, Green",247.45,227.4,900,10,2026-02-27 20:28:22.273113,2026-02-27 20:28:22.426541,-180449.99999999985
PAPER-1772204305,SENSEX 05MAR 81400 PE,"NRCB, BB13, Green",188.7,215.3,900,10,2026-02-27 20:28:25.310131,2026-02-27 20:28:26.389813,239400.0000000002
PAPER-1772204310,SENSEX 05MAR 81400 PE,"BB12, BB13, CBB0, Green",193.2,183.3,900,10,2026-02-27 20:28:30.242652,2026-02-27 20:28:30.399992,-89099.9999999998
PAPER-1772204310,SENSEX 05MAR 81400 PE,"BB13, CBB0, Green",193.2,183.45,900,10,2026-02-27 20:28:30.402106,2026-02-27 20:28:30.559417,-87750.0
PAPER-1772204310,SENSEX 05MAR 81400 PE,"BB13, CBB0, Green",193.2,186.3,900,10,2026-02-27 20:28:30.561709,2026-02-27 20:28:30.718838,-62099.999999999796
PAPER-1772204310,SENSEX 05MAR 81400 PE,"BB12, BB13, CBB0, Green",193.2,196.7,900,10,2026-02-27 20:28:30.720223,2026-02-27 20:28:30.878219,31500.0
PAPER-1772204310,SENSEX 05MAR 81400 PE,"BB12, BB13, CBB0, CBB1, CBB3, Green",208.65,200.1,900,10,2026-02-27 20:28:30.879598,2026-02-27 20:28:31.036635,-76950.0000000001
PAPER-1772204312,SENSEX 05MAR 81400 PE,"BB1, BB12, BB17, CBB0, CBB8, Green",201.8,190.95,900,10,2026-02-27 20:28:32.288264,2026-02-27 20:28:32.605748,-97650.0000000002
PAPER-1772204312,SENSEX 05MAR 81400 PE,"BB1, CBB0, CBB8, Green",204.0,195.9,900,10,2026-02-27 20:28:32.608224,2026-02-27 20:28:32.766973,-72899.99999999994
PAPER-1772204312,SENSEX 05MAR 81400 PE,"BB1, BB12, CBB0, CBB8, Green",204.0,195.65,900,10,2026-02-27 20:28:32.769233,2026-02-27 20:28:32.927601,-75149.99999999994
PAPER-1772204312,SENSEX 05MAR 81400 PE,"BB1, CBB0, CBB8, Green",204.0,195.0,900,10,2026-02-27 20:28:32.928983,2026-02-27 20:28:33.087154,-81000.0
PAPER-1772204313,SENSEX 05MAR 81400 PE,"CBBR2, CBBR7",183.7,198.3,900,10,2026-02-27 20:28:33.876088,2026-02-27 20:28:34.991271,131400.0000000002
PAPER-1772204319,SENSEX 05MAR 81400 PE,NRCB,189.65,182.8,900,10,2026-02-27 20:28:39.482575,2026-02-27 20:28:39.644859,-61649.99999999995
PAPER-1772204319,SENSEX 05MAR 81400 PE,NRCB,189.65,237.2,900,10,2026-02-27 20:28:39.647030,2026-02-27 20:28:41.266295,427949.9999999998
PAPER-1772204323,SENSEX 05MAR 81400 PE,"BB5, BB17, CBB0, CBB4, Green",254.25,250.85,900,10,2026-02-27 20:28:43.215305,2026-02-27 20:28:43.544769,-30600.00000000005
PAPER-1772204323,SENSEX 05MAR 81400 PE,"BB5, Green",264.45,256.85,900,10,2026-02-27 20:28:43.546919,2026-02-27 20:28:43.711416,-68399.9999999997
PAPER-1772204323,SENSEX 05MAR 81400 PE,"BB5, CBB0, CBB4, Green",264.45,249.1,900,10,2026-02-27 20:28:43.713475,2026-02-27 20:28:43.877250,-138149.99999999994
PAPER-1772204326,SENSEX 05MAR 81400 PE,"CBB0, CBB5, CBB6",248.05,241.15,900,10,2026-02-27 20:28:46.007072,2026-02-27 20:28:46.337125,-62100.00000000005
PAPER-1772204330,SENSEX 05MAR 81400 PE,"CBBR2, CBBR7",274.75,265.0,900,10,2026-02-27 20:28:50.130835,2026-02-27 20:28:50.298622,-87750.0
PAPER-1772204330,SENSEX 05MAR 81400 PE,"CBBR2, CBBR7",274.75,262.5,900,10,2026-02-27 20:28:50.301010,2026-02-27 20:28:50.469068,-110250.0
PAPER-1772204330,SENSEX 05MAR 81400 PE,"CBBR2, CBBR7",274.75,260.0,900,10,2026-02-27 20:28:50.470497,2026-02-27 20:28:50.639695,-132750.0
PAPER-1772204330,SENSEX 05MAR 81400 PE,"CBBR2, CBBR7",274.75,266.0,900,10,2026-02-27 20:28:50.641081,2026-02-27 20:28:50.809959,-78750.0
PAPER-1772204330,SENSEX 05MAR 81400 PE,"CBBR2, CBBR7",274.75,266.5,900,10,2026-02-27 20:28:50.811360,2026-02-27 20:28:51.315339,-74250.0
PAPER-1772204334,SENSEX 05MAR 81400 PE,"BB1, BB9, BB17, CBB0, Green",284.3,278.0,900,10,2026-02-27 20:28:54.707699,2026-02-27 20:28:55.215803,-56700.0000000001
PAPER-1772204335,SENSEX 05MAR 81400 PE,"BB1, BB9, CBB0, CBB3",287.45,290.0,900,10,2026-02-27 20:28:55.389381,2026-02-27 20:28:56.066808,22950.000000000102
PAPER-1772204339,SENSEX 05MAR 81400 PE,CBBR2,279.35,267.85,900,10,2026-02-27 20:28:59.317062,2026-02-27 20:29:01.391317,-103500.0
PAPER-1772204343,SENSEX 05MAR 81400 PE,"BB12, CBB0, CBB1, CBB4",290.0,274.6,900,10,2026-02-27 20:29:03.640077,2026-02-27 20:29:04.167563,-138599.9999999998
PAPER-1772204344,SENSEX 05MAR 81400 PE,"BB12, CBB0, CBB1, CBB4",297.25,268.0,900,10,2026-02-27 20:29:04.169680,2026-02-27 20:29:04.346138,-263250.0
PAPER-1772204344,SENSEX 05MAR 81400 PE,"CBB0, CBB1, CBB4",297.25,262.4,900,10,2026-02-27 20:29:04.348408,2026-02-27 20:29:04.523248,-313650.00000000023
PAPER-1772204346,SENSEX 05MAR 81400 PE,"NRCB, BB2, BB6, BB7, BB9, CBB0, CBB6, CBB8",268.25,262.65,900,10,2026-02-27 20:29:06.272424,2026-02-27 20:29:06.804325,-50400.000000000204
PAPER-1772204358,SENSEX 05MAR 81400 PE,"BB12, BB17, CBB0, CBB1, CBB3, CBB4, Green",290.65,276.05,900,10,2026-02-27 20:29:18.034988,2026-02-27 20:29:18.217485,-131399.99999999968
PAPER-1772204358,SENSEX 05MAR 81400 PE,"BB12, BB17, CBB0, CBB1, CBB3, CBB4, Green",291.2,285.05,900,10,2026-02-27 20:29:18.219952,2026-02-27 20:29:18.402466,-55349.999999999796
PAPER-1772204358,SENSEX 05MAR 81400 PE,"BB12, BB17, CBB0, CBB1, CBB3, CBB4, Green",291.2,296.1,900,10,2026-02-27 20:29:18.404652,2026-02-27 20:29:18.978157,44100.000000000306
PAPER-1772204361,SENSEX 05MAR 81400 PE,"BB8, BB12, Green",328.15,321.1,900,10,2026-02-27 20:29:21.702475,2026-02-27 20:29:22.255804,-63449.99999999959
PAPER-1772204362,SENSEX 05MAR 81400 PE,"NRCB, BB8, CBBR3, Green",341.6,302.0,900,10,2026-02-27 20:29:22.257408,2026-02-27 20:29:22.441509,-356400.00000000023
PAPER-1772204362,SENSEX 05MAR 81400 PE,"NRCB, BB8, CBBR3, Green",341.6,310.3,900,10,2026-02-27 20:29:22.442873,2026-02-27 20:29:22.627333,-281700.0000000001
PAPER-1772204363,SENSEX 05MAR 81400 PE,"BB9, BB10, BB11, CBB0, CBB4",330.0,320.8,900,10,2026-02-27 20:29:23.728661,2026-02-27 20:29:24.653026,-82799.9999999999
PAPER-1772204366,SENSEX 05MAR 81400 PE,"BB11, CBB0, Green",344.85,335.0,900,10,2026-02-27 20:29:26.314806,2026-02-27 20:29:26.875115,-88650.0000000002
PAPER-1772204366,SENSEX 05MAR 81400 PE,"BB11, CBB0, CBB2, Green",348.9,341.05,900,10,2026-02-27 20:29:26.876595,2026-02-27 20:29:27.063050,-70649.9999999997
PAPER-1772204367,SENSEX 05MAR 81400 PE,"BB11, CBB0, CBB2, Green",348.9,348.15,900,10,2026-02-27 20:29:27.064434,2026-02-27 20:29:27.621435,-6750.0
PAPER-1772204371,SENSEX 05MAR 81400 PE,CBBR2,365.15,353.6,900,10,2026-02-27 20:29:31.921311,2026-02-27 20:29:32.109886,-103949.99999999959
PAPER-1772204372,SENSEX 05MAR 81400 PE,CBBR2,365.15,341.55,900,10,2026-02-27 20:29:32.111335,2026-02-27 20:29:32.299896,-212399.99999999968
PAPER-1772204372,SENSEX 05MAR 81400 PE,CBBR2,365.15,349.45,900,10,2026-02-27 20:29:32.301278,2026-02-27 20:29:32.490212,-141299.99999999988
PAPER-1772204372,SENSEX 05MAR 81400 PE,CBBR2,365.15,353.0,900,10,2026-02-27 20:29:32.491590,2026-02-27 20:29:32.680848,-109349.9999999998
PAPER-1772204372,SENSEX 05MAR 81400 PE,CBBR2,365.15,341.95,900,10,2026-02-27 20:29:32.682280,2026-02-27 20:29:32.871189,-208799.99999999988
PAPER-1772204374,SENSEX 05MAR 81400 PE,CBBR3,367.8,357.4,900,10,2026-02-27 20:29:34.373777,2026-02-27 20:29:35.129194,-93600.0000000003
PAPER-1772204378,SENSEX 05MAR 81400 PE,CBBR2,354.45,346.5,900,10,2026-02-27 20:29:38.530737,2026-02-27 20:29:38.915860,-71549.9999999999
PAPER-1772204378,SENSEX 05MAR 81400 PE,CBBR2,355.4,345.2,900,10,2026-02-27 20:29:38.918237,2026-02-27 20:29:39.110093,-91799.9999999999
PAPER-1772204379,SENSEX 05MAR 81400 PE,CBBR2,355.4,336.85,900,10,2026-02-27 20:29:39.111546,2026-02-27 20:29:39.303550,-166949.9999999996
PAPER-1772204379,SENSEX 05MAR 81400 PE,CBBR2,355.4,344.65,900,10,2026-02-27 20:29:39.304933,2026-02-27 20:29:39.496755,-96750.0
PAPER-1772204381,SENSEX 05MAR 81400 PE,"BB6, BB11, BB12, CBB0, CBB7",356.85,346.5,900,10,2026-02-27 20:29:41.976820,2026-02-27 20:29:42.169489,-93150.0000000002
PAPER-1772204382,SENSEX 05MAR 81400 PE,"BB6, BB11, CBB0, CBB7",356.85,393.05,900,10,2026-02-27 20:29:42.172126,2026-02-27 20:29:43.904997,325799.9999999999
PAPER-1772204383,SENSEX 05MAR 81400 PE,"BB1, BB8, BB9, BB10, BB11, BB12, CBB0, CBB1, CBB2, CBB6, CBB7, Green",395.25,406.35,900,10,2026-02-27 20:29:43.906447,2026-02-27 20:29:45.063095,99900.0000000002
PAPER-1772204390,SENSEX 05MAR 81400 PE,"BB13, Green",374.0,395.0,900,10,2026-02-27 20:29:50.122456,2026-02-27 20:29:52.852561,189000.0
PAPER-1772204395,SENSEX 05MAR 81400 PE,"BB8, CBBR2",380.65,371.45,900,10,2026-02-27 20:29:55.009132,2026-02-27 20:29:55.406165,-82799.9999999999
PAPER-1772204395,SENSEX 05MAR 81400 PE,"BB8, CBBR2",383.0,383.1,900,10,2026-02-27 20:29:55.408252,2026-02-27 20:29:58.185230,900.0000000002046
PAPER-1772204400,SENSEX 05MAR 81400 PE,"CBB0, CBB4",409.35,397.05,900,10,2026-02-27 20:30:00.170892,2026-02-27 20:30:00.570430,-110700.0000000001
PAPER-1772204400,SENSEX 05MAR 81400 PE,"CBB0, CBB4",410.95,395.6,900,10,2026-02-27 20:30:00.771582,2026-02-27 20:30:01.180446,-138149.99999999968
PAPER-1772204402,SENSEX 05MAR 81400 PE,CBBR2,395.8,384.5,900,10,2026-02-27 20:30:02.982332,2026-02-27 20:30:03.383602,-101700.0000000001
PAPER-1772204403,SENSEX 05MAR 81400 PE,CBBR2,397.05,388.9,900,10,2026-02-27 20:30:03.385966,2026-02-27 20:30:03.587559,-73350.0000000003
PAPER-1772204403,SENSEX 05MAR 81400 PE,CBBR2,397.05,387.85,900,10,2026-02-27 20:30:03.589062,2026-02-27 20:30:03.992683,-82799.9999999999
PAPER-1772204414,SENSEX 05MAR 81400 PE,"NRCB, BB11, BB12, CBB0",340.9,316.1,900,10,2026-02-27 20:30:14.308949,2026-02-27 20:30:14.720585,-223199.9999999996
PAPER-1772204414,SENSEX 05MAR 81400 PE,"NRCB, BB11, BB12",341.7,315.25,900,10,2026-02-27 20:30:14.723085,2026-02-27 20:30:14.930463,-238049.99999999988
PAPER-1772204414,SENSEX 05MAR 81400 PE,"NRCB, BB11, BB12",341.7,314.7,900,10,2026-02-27 20:30:14.931962,2026-02-27 20:30:15.138167,-243000.0
PAPER-1772204416,SENSEX 05MAR 81400 PE,"BB11, BB12, CBB0, CBB8",329.75,328.5,900,10,2026-02-27 20:30:16.165287,2026-02-27 20:30:17.200670,-11250.0
PAPER-1772204421,SENSEX 05MAR 81400 PE,"BB13, Green",368.0,360.7,900,10,2026-02-27 20:30:21.338249,2026-02-27 20:30:23.004031,-65700.0000000001
PAPER-1772204425,SENSEX 05MAR 81400 PE,"NRCB, BB12, CBBR3",458.3,445.55,900,10,2026-02-27 20:30:25.496682,2026-02-27 20:30:25.705832,-114750.0
PAPER-1772204425,SENSEX 05MAR 81400 PE,"NRCB, CBBR3",491.0,473.85,900,10,2026-02-27 20:30:25.707236,2026-02-27 20:30:25.917779,-154349.9999999998
PAPER-1772204425,SENSEX 05MAR 81400 PE,"NRCB, CBBR3",505.0,610.2,900,10,2026-02-27 20:30:25.919109,2026-02-27 20:30:26.760442,946800.0000000005
PAPER-1772204433,SENSEX 05MAR 81500 CE,"BB17, Green",2008.3,1749.1,900,10,2026-02-27 20:30:33.082725,2026-02-27 20:30:33.289420,-2332800.0000000005
PAPER-1772204433,SENSEX 05MAR 81500 CE,"BB12, CBB0, CBB4",1609.4,1510.2,900,10,2026-02-27 20:30:33.771114,2026-02-27 20:30:33.883104,-892800.0000000005
PAPER-1772204436,SENSEX 05MAR 81500 CE,"BB16, Green",1232.05,1197.0,900,10,2026-02-27 20:30:36.348125,2026-02-27 20:30:36.562627,-315449.9999999996
PAPER-1772204436,SENSEX 05MAR 81500 CE,"BB12, CBB0, CBB8",1295.0,1284.35,900,10,2026-02-27 20:30:36.883965,2026-02-27 20:30:37.148875,-95850.00000000081
PAPER-1772204437,SENSEX 05MAR 81500 CE,CBBR1,1300.0,1270.0,900,10,2026-02-27 20:30:37.349013,2026-02-27 20:30:37.687184,-270000.0
PAPER-1772204437,SENSEX 05MAR 81500 CE,"CBBR2, CBBR7",1285.0,1542.45,900,10,2026-02-27 20:30:37.688528,2026-02-27 20:30:38.655628,2317050.0000000005
PAPER-1772204439,SENSEX 05MAR 81500 CE,CBBR2,1696.2,1630.0,900,10,2026-02-27 20:30:39.868769,2026-02-27 20:30:40.606704,-595800.0000000005
PAPER-1772204440,SENSEX 05MAR 81500 CE,"BB17, CBB0, CBB5, CBB6, Green",1644.0,1580.0,900,10,2026-02-27 20:30:40.832642,2026-02-27 20:30:40.984932,-576000.0
PAPER-1772204441,SENSEX 05MAR 81500 CE,"CBBR1, CBBR2, CBBR3, CBBR7",1599.1,1505.25,900,10,2026-02-27 20:30:41.440599,2026-02-27 20:30:41.517813,-844649.9999999992
PAPER-1772204445,SENSEX 05MAR 81500 CE,"BB12, BB17, Green",1200.0,1170.5,900,10,2026-02-27 20:30:45.048565,2026-02-27 20:30:45.132710,-265500.0
PAPER-1772204445,SENSEX 05MAR 81500 CE,"BB17, Green",1200.0,1170.0,900,10,2026-02-27 20:30:45.135137,2026-02-27 20:30:45.550037,-270000.0
PAPER-1772204446,SENSEX 05MAR 81500 CE,"BB12, CBBR2, CBBR7",1196.6,1187.4,900,10,2026-02-27 20:30:46.395622,2026-02-27 20:30:46.741870,-82799.99999999837
PAPER-1772204447,SENSEX 05MAR 81500 CE,"BB17, Green",1170.0,1185.25,900,10,2026-02-27 20:30:47.266708,2026-02-27 20:30:48.150777,137250.0
PAPER-1772204448,SENSEX 05MAR 81500 CE,"BB1, CBB0, CBB4",1210.0,1321.7,900,10,2026-02-27 20:30:48.509669,2026-02-27 20:30:49.235465,1005300.0000000005
PAPER-1772204449,SENSEX 05MAR 81500 CE,"CBBR2, CBBR7",1216.35,1181.75,900,10,2026-02-27 20:30:49.781018,2026-02-27 20:30:49.966896,-311399.9999999992
PAPER-1772204449,SENSEX 05MAR 81500 CE,"CBBR2, CBBR7",1216.35,1183.25,900,10,2026-02-27 20:30:49.968803,2026-02-27 20:30:50.061711,-297899.9999999992
PAPER-1772204450,SENSEX 05MAR 81500 CE,"CBBR2, CBBR7",1216.35,1170.0,900,10,2026-02-27 20:30:50.063100,2026-02-27 20:30:50.247777,-417149.9999999992
PAPER-1772204450,SENSEX 05MAR 81500 CE,"CBBR1, CBBR3, CBBR6",1240.0,1311.7,900,10,2026-02-27 20:30:50.342256,2026-02-27 20:30:51.276790,645300.0000000005
PAPER-1772204451,SENSEX 05MAR 81500 CE,"BB1, BB15, Green",1214.55,1305.0,900,10,2026-02-27 20:30:51.936485,2026-02-27 20:30:52.705134,814050.0000000005
PAPER-1772204452,SENSEX 05MAR 81500 CE,"CBBR1, CBBR2, CBBR7",1250.0,1218.8,900,10,2026-02-27 20:30:52.998592,2026-02-27 20:30:53.512519,-280800.0000000004
PAPER-1772204459,SENSEX 05MAR 81500 CE,"BB12, BB17, Green",1040.0,1018.3,900,10,2026-02-27 20:30:59.844572,2026-02-27 20:31:00.376711,-195300.0000000004
PAPER-1772204462,SENSEX 05MAR 81500 CE,"BB5, BB12, BB17, CBB0, CBB1, CBB2, CBB5, CBB6, CBB7, Green",1038.85,1000.0,900,10,2026-02-27 20:31:02.200056,2026-02-27 20:31:02.416795,-349649.9999999992
PAPER-1772204464,SENSEX 05MAR 81500 CE,"BB5, BB12, CBB0, CBB1, CBB3",1023.8,1000.0,900,10,2026-02-27 20:31:04.298933,2026-02-27 20:31:04.522042,-214199.9999999996
PAPER-1772204464,SENSEX 05MAR 81500 CE,"BB5, BB12, CBB0, CBB1, CBB3",1025.0,995.0,900,10,2026-02-27 20:31:04.524692,2026-02-27 20:31:04.635392,-270000.0
PAPER-1772204465,SENSEX 05MAR 81500 CE,"BB12, CBBR6",1023.2,995.0,900,10,2026-02-27 20:31:05.409296,2026-02-27 20:31:05.854553,-253800.0000000004
PAPER-1772204469,SENSEX 05MAR 81500 CE,"BB5, CBB0, CBB4",1046.8,1138.05,900,10,2026-02-27 20:31:09.702895,2026-02-27 20:31:11.095339,821250.0
PAPER-1772204472,SENSEX 05MAR 81500 CE,"BB8, CBBR2",1080.0,878.6,900,10,2026-02-27 20:31:12.616240,2026-02-27 20:31:15.994618,-1812599.9999999998
PAPER-1772204478,SENSEX 05MAR 81500 CE,"BB10, BB15, Green",836.85,819.55,900,10,2026-02-27 20:31:18.896584,2026-02-27 20:31:19.019880,-155700.0000000006
PAPER-1772204489,SENSEX 05MAR 81500 CE,"BB12, CBB0, CBB1, CBB3",750.45,732.0,900,10,2026-02-27 20:31:29.752690,2026-02-27 20:31:29.883404,-166050.0000000004
PAPER-1772204489,SENSEX 05MAR 81500 CE,"BB12, CBB0, CBB1, CBB3",750.45,749.2,900,10,2026-02-27 20:31:29.884863,2026-02-27 20:31:31.458961,-11250.0
PAPER-1772204491,SENSEX 05MAR 81500 CE,"BB12, CBB0, CBB3, CBB4",779.75,745.4,900,10,2026-02-27 20:31:31.460422,2026-02-27 20:31:31.592376,-309150.00000000023
PAPER-1772204491,SENSEX 05MAR 81500 CE,"BB12, CBB0, CBB3, CBB4",779.75,749.3,900,10,2026-02-27 20:31:31.593756,2026-02-27 20:31:31.725080,-274050.0000000004
PAPER-1772204495,SENSEX 05MAR 81500 CE,"NRCB, BB12",701.9,699.7,900,10,2026-02-27 20:31:35.012365,2026-02-27 20:31:36.215551,-19799.999999999385
PAPER-1772204496,SENSEX 05MAR 81500 CE,"BB12, CBBR4",716.95,716.45,900,10,2026-02-27 20:31:36.619026,2026-02-27 20:31:37.693972,-4500.0
PAPER-1772204499,SENSEX 05MAR 81500 CE,CBBR6,693.7,670.1,900,10,2026-02-27 20:31:39.716679,2026-02-27 20:31:39.852883,-212400.0000000002
PAPER-1772204500,SENSEX 05MAR 81500 CE,"NRCB, BB12, CBBR3, CBBR6",697.0,678.9,900,10,2026-02-27 20:31:40.670716,2026-02-27 20:31:41.633009,-162900.0000000002
PAPER-1772204503,SENSEX 05MAR 81500 CE,CBBR6,681.15,651.3,900,10,2026-02-27 20:31:43.304917,2026-02-27 20:31:43.443705,-268650.00000000023
PAPER-1772204506,SENSEX 05MAR 81500 CE,"CBBR3, CBBR6",667.9,652.75,900,10,2026-02-27 20:31:46.079224,2026-02-27 20:31:47.624025,-136349.9999999998
PAPER-1772204508,SENSEX 05MAR 81500 CE,"CBB0, CBB4",663.95,649.3,900,10,2026-02-27 20:31:48.751903,2026-02-27 20:31:50.038715,-131850.00000000081
PAPER-1772204510,SENSEX 05MAR 81500 CE,"BB12, CBBR3",672.75,645.0,900,10,2026-02-27 20:31:50.326315,2026-02-27 20:31:50.468969,-249750.0
PAPER-1772204510,SENSEX 05MAR 81500 CE,CBBR3,679.8,656.8,900,10,2026-02-27 20:31:50.613471,2026-02-27 20:31:50.757148,-207000.0
PAPER-1772204510,SENSEX 05MAR 81500 CE,CBBR3,679.8,670.1,900,10,2026-02-27 20:31:50.758556,2026-02-27 20:31:51.186182,-87299.99999999939
PAPER-1772204511,SENSEX 05MAR 81500 CE,"BB2, BB10, BB12, BB17, CBB0, CBB1, CBB4, Green",701.8,709.7,900,10,2026-02-27 20:31:51.900066,2026-02-27 20:31:54.066129,71100.00000000081
PAPER-1772204515,SENSEX 05MAR 81500 CE,"BB6, BB11, CBB0, CBB6",734.0,714.7,900,10,2026-02-27 20:31:55.225778,2026-02-27 20:31:55.371872,-173699.9999999996
PAPER-1772204521,SENSEX 05MAR 81500 CE,"BB12, CBB0, CBB1, CBB2, CBB6, CBB7",660.0,644.25,900,10,2026-02-27 20:32:01.098220,2026-02-27 20:32:01.398837,-141750.0
PAPER-1772204521,SENSEX 05MAR 81500 CE,"CBB0, CBB1, CBB2, CBB7",660.55,641.4,900,10,2026-02-27 20:32:01.400958,2026-02-27 20:32:01.852340,-172349.9999999998
PAPER-1772204529,SENSEX 05MAR 81500 PE,"BB8, CBBR2",255.7,250.0,900,10,2026-02-27 20:32:09.752169,2026-02-27 20:32:09.810329,-51299.9999999999
PAPER-1772204529,SENSEX 05MAR 81500 PE,"BB5, BB6, CBB0, CBB4",274.45,323.0,900,10,2026-02-27 20:32:09.926961,2026-02-27 20:32:10.219413,436950.0000000001
PAPER-1772204530,SENSEX 05MAR 81500 PE,"BB1, BB9, BB17, CBB0, CBB4, Green",323.0,430.05,900,10,2026-02-27 20:32:10.220740,2026-02-27 20:32:10.881205,963450.0
PAPER-1772204531,SENSEX 05MAR 81500 PE,CBBR2,353.6,343.5,900,10,2026-02-27 20:32:11.311256,2026-02-27 20:32:11.375058,-90900.0000000002
PAPER-1772204531,SENSEX 05MAR 81500 PE,CBBR2,353.6,339.15,900,10,2026-02-27 20:32:11.376363,2026-02-27 20:32:11.440153,-130050.00000000041
PAPER-1772204531,SENSEX 05MAR 81500 PE,CBBR2,353.6,337.55,900,10,2026-02-27 20:32:11.449803,2026-02-27 20:32:11.513557,-144450.00000000012
PAPER-1772204531,SENSEX 05MAR 81500 PE,CBBR2,353.6,370.15,900,10,2026-02-27 20:32:11.515916,2026-02-27 20:32:11.830529,148949.9999999996
PAPER-1772204533,SENSEX 05MAR 81500 PE,"CBB0, CBB3",345.0,343.8,900,10,2026-02-27 20:32:13.939037,2026-02-27 20:32:14.140901,-10799.999999999898
PAPER-1772204536,SENSEX 05MAR 81500 PE,"BB17, CBB0, Green",306.2,299.1,900,10,2026-02-27 20:32:16.460179,2026-02-27 20:32:16.530818,-63899.999999999694
PAPER-1772204536,SENSEX 05MAR 81500 PE,"BB17, CBB0, Green",306.2,298.75,900,10,2026-02-27 20:32:16.533203,2026-02-27 20:32:16.672522,-67049.9999999999
PAPER-1772204536,SENSEX 05MAR 81500 PE,"BB17, Green",305.45,299.7,900,10,2026-02-27 20:32:16.955017,2026-02-27 20:32:18.315644,-51750.0
PAPER-1772204539,SENSEX 05MAR 81500 PE,"NRCB, BB12",302.35,292.1,900,10,2026-02-27 20:32:19.569736,2026-02-27 20:32:19.797159,-92250.0
PAPER-1772204539,SENSEX 05MAR 81500 PE,NRCB,290.15,287.8,900,10,2026-02-27 20:32:19.953768,2026-02-27 20:32:20.644893,-21149.999999999694
PAPER-1772204541,SENSEX 05MAR 81500 PE,"BB12, CBB0, CBB2, CBB5, CBB6, CBB7",274.55,274.85,900,10,2026-02-27 20:32:21.993658,2026-02-27 20:32:22.388767,2700.0000000001023
PAPER-1772204542,SENSEX 05MAR 81500 PE,"BB12, BB17, CBB0, CBB4, Green",290.6,283.55,900,10,2026-02-27 20:32:22.949477,2026-02-27 20:32:23.112425,-63450.0000000001
PAPER-1772204545,SENSEX 05MAR 81500 PE,CBBR2,307.45,309.85,900,10,2026-02-27 20:32:25.796043,2026-02-27 20:32:26.384644,21600.000000000306
PAPER-1772204547,SENSEX 05MAR 81500 PE,"BB17, Green",316.4,304.0,900,10,2026-02-27 20:32:27.057143,2026-02-27 20:32:27.311345,-111599.9999999998
PAPER-1772204552,SENSEX 05MAR 81500 PE,"BB5, BB12, BB17, CBB0, CBB1, CBB2, CBB5, CBB6, CBB7, Green",310.95,301.0,900,10,2026-02-27 20:32:32.313629,2026-02-27 20:32:33.686188,-89549.9999999999
PAPER-1772204553,SENSEX 05MAR 81500 PE,"BB8, Green",340.05,320.25,900,10,2026-02-27 20:32:33.687636,2026-02-27 20:32:33.780295,-178200.00000000012
PAPER-1772204553,SENSEX 05MAR 81500 PE,"BB8, Green",340.05,309.8,900,10,2026-02-27 20:32:33.781652,2026-02-27 20:32:33.874232,-272250.0
PAPER-1772204553,SENSEX 05MAR 81500 PE,"BB8, Green",340.05,314.55,900,10,2026-02-27 20:32:33.875596,2026-02-27 20:32:33.968184,-229500.0
PAPER-1772204556,SENSEX 05MAR 81500 PE,NRCB,208.35,208.0,900,10,2026-02-27 20:32:36.475923,2026-02-27 20:32:37.042432,-3149.999999999949
PAPER-1772204559,SENSEX 05MAR 81500 PE,"BB17, CBB0, CBB1, CBB3, CBB4, Green",225.1,217.85,900,10,2026-02-27 20:32:39.149189,2026-02-27 20:32:39.347846,-65250.0
PAPER-1772204559,SENSEX 05MAR 81500 PE,"BB12, CBBR2",217.0,212.1,900,10,2026-02-27 20:32:39.960452,2026-02-27 20:32:40.058458,-44100.00000000005
PAPER-1772204560,SENSEX 05MAR 81500 PE,"BB12, CBBR1, CBBR3, CBBR6",223.15,219.55,900,10,2026-02-27 20:32:40.158844,2026-02-27 20:32:40.950709,-32399.99999999995
PAPER-1772204561,SENSEX 05MAR 81500 PE,"BB12, CBBR3",232.7,261.05,900,10,2026-02-27 20:32:41.347958,2026-02-27 20:32:42.241612,255150.0000000002
PAPER-1772204562,SENSEX 05MAR 81500 PE,"CBBR2, CBBR7",249.85,244.25,900,10,2026-02-27 20:32:42.843348,2026-02-27 20:32:42.945746,-50399.99999999995
PAPER-1772204562,SENSEX 05MAR 81500 PE,"CBBR2, CBBR7",249.85,241.25,900,10,2026-02-27 20:32:42.947181,2026-02-27 20:32:43.049285,-77399.99999999994
PAPER-1772204563,SENSEX 05MAR 81500 PE,"CBBR2, CBBR7",249.85,242.2,900,10,2026-02-27 20:32:43.050661,2026-02-27 20:32:43.255371,-68850.00000000006
PAPER-1772204565,SENSEX 05MAR 81500 PE,"CBB0, CBB5, CBB7",245.75,240.15,900,10,2026-02-27 20:32:45.191092,2026-02-27 20:32:45.294766,-50399.99999999995
PAPER-1772204567,SENSEX 05MAR 81500 PE,"BB8, CBBR3, CBBR6",267.75,257.05,900,10,2026-02-27 20:32:47.473001,2026-02-27 20:32:47.683640,-96299.9999999999
PAPER-1772204568,SENSEX 05MAR 81500 PE,"CBBR1, CBBR2, CBBR5, CBBR7",252.8,245.7,900,10,2026-02-27 20:32:48.316939,2026-02-27 20:32:48.529167,-63900.000000000204
PAPER-1772204571,SENSEX 05MAR 81500 PE,"NRCB, BB5, BB17, CBB0, CBB5, CBB6, CBB7, CBB8, Green",247.65,248.55,900,10,2026-02-27 20:32:51.582675,2026-02-27 20:32:52.470825,8100.000000000051
PAPER-1772204573,SENSEX 05MAR 81500 PE,"BB8, Green",254.0,248.15,900,10,2026-02-27 20:32:53.142215,2026-02-27 20:32:53.478549,-52649.99999999995
PAPER-1772204574,SENSEX 05MAR 81500 PE,"BB5, BB17, Green",246.6,233.15,900,10,2026-02-27 20:32:54.947912,2026-02-27 20:32:55.518161,-121049.9999999999
PAPER-1772204576,SENSEX 05MAR 81500 PE,"BB12, BB17, CBB0, CBB1, CBB3, Green",254.95,253.95,900,10,2026-02-27 20:32:56.902951,2026-02-27 20:32:57.605428,-9000.0
PAPER-1772204578,SENSEX 05MAR 81500 PE,"BB8, BB12, BB13, Green",269.15,257.95,900,10,2026-02-27 20:32:58.189092,2026-02-27 20:32:58.307347,-100799.9999999999
PAPER-1772204578,SENSEX 05MAR 81500 PE,"BB8, BB13, Green",269.15,258.1,900,10,2026-02-27 20:32:58.308767,2026-02-27 20:32:58.427273,-99449.99999999959
PAPER-1772204578,SENSEX 05MAR 81500 PE,"BB8, BB13, Green",269.15,254.6,900,10,2026-02-27 20:32:58.428635,2026-02-27 20:32:58.546139,-130949.99999999984
PAPER-1772204581,SENSEX 05MAR 81500 PE,NRCB,227.95,226.95,900,10,2026-02-27 20:33:01.260745,2026-02-27 20:33:02.112058,-9000.0
PAPER-1772204582,SENSEX 05MAR 81500 PE,"BB17, Green",234.85,225.5,900,10,2026-02-27 20:33:02.734603,2026-02-27 20:33:03.100690,-84149.99999999994
PAPER-1772204583,SENSEX 05MAR 81500 PE,NRCB,216.6,212.1,900,10,2026-02-27 20:33:03.709346,2026-02-27 20:33:03.832326,-40500.0
PAPER-1772204583,SENSEX 05MAR 81500 PE,NRCB,216.6,251.25,900,10,2026-02-27 20:33:03.833763,2026-02-27 20:33:07.038183,311850.00000000006
PAPER-1772204591,SENSEX 05MAR 81500 PE,"BB2, BB6, BB7, BB9, CBB0, CBB8",307.2,300.0,900,10,2026-02-27 20:33:11.806991,2026-02-27 20:33:12.577389,-64799.9999999999
PAPER-1772204593,SENSEX 05MAR 81500 PE,CBBR3,316.2,317.95,900,10,2026-02-27 20:33:13.980269,2026-02-27 20:33:14.884978,15750.0
PAPER-1772204598,SENSEX 05MAR 81500 PE,"CBB0, CBB4",333.0,324.0,900,10,2026-02-27 20:33:18.271399,2026-02-27 20:33:19.848857,-81000.0
PAPER-1772204600,SENSEX 05MAR 81500 PE,"CBBR2, CBBR7",319.65,310.55,900,10,2026-02-27 20:33:20.524874,2026-02-27 20:33:20.794202,-81899.9999999997
PAPER-1772204600,SENSEX 05MAR 81500 PE,"CBBR2, CBBR7",319.65,301.1,900,10,2026-02-27 20:33:20.795626,2026-02-27 20:33:20.930099,-166949.9999999996
PAPER-1772204600,SENSEX 05MAR 81500 PE,"CBBR2, CBBR7",319.65,298.9,900,10,2026-02-27 20:33:20.931408,2026-02-27 20:33:21.065578,-186750.0
PAPER-1772204601,SENSEX 05MAR 81500 PE,"CBBR2, CBBR7",319.65,296.95,900,10,2026-02-27 20:33:21.067068,2026-02-27 20:33:21.201767,-204299.99999999988
PAPER-1772204605,SENSEX 05MAR 81500 PE,"BB5, BB12, Green",296.05,322.5,900,10,2026-02-27 20:33:25.760564,2026-02-27 20:33:27.821581,238049.99999999988
PAPER-1772204608,SENSEX 05MAR 81500 PE,"BB8, BB12, CBB0, Green",325.4,316.35,900,10,2026-02-27 20:33:28.653530,2026-02-27 20:33:29.095934,-81449.99999999959
PAPER-1772204609,SENSEX 05MAR 81500 PE,"BB8, BB12, CBB0, CBB5, Green",340.0,325.0,900,10,2026-02-27 20:33:29.097333,2026-02-27 20:33:29.235987,-135000.0
PAPER-1772204609,SENSEX 05MAR 81500 PE,"BB8, BB12, CBB0, CBB3, Green",347.45,345.35,900,10,2026-02-27 20:33:29.932894,2026-02-27 20:33:31.190754,-18899.999999999694
PAPER-1772204611,SENSEX 05MAR 81500 PE,"BB8, CBBR2, CBBR7",349.1,347.1,900,10,2026-02-27 20:33:31.332380,2026-02-27 20:33:31.898259,-18000.0
PAPER-1772204612,SENSEX 05MAR 81500 PE,"BB13, CBBR1, CBBR3, CBBR5, Green",356.8,396.65,900,10,2026-02-27 20:33:32.599654,2026-02-27 20:33:33.731340,358649.9999999997
PAPER-1772204618,SENSEX 05MAR 81500 PE,"CBB0, CBB1, CBB2, CBB6, CBB7",379.7,381.45,900,10,2026-02-27 20:33:38.702824,2026-02-27 20:33:39.424684,15750.0
PAPER-1772204622,SENSEX 05MAR 81500 PE,"BB1, BB2, BB3, BB4, BB5, BB6, BB7, BB8, BB9, BB17, CBB0, Green",445.0,434.85,900,10,2026-02-27 20:33:42.327321,2026-02-27 20:33:43.063996,-91349.9999999998
PAPER-1772204624,SENSEX 05MAR 81500 PE,CBBR2,400.1,406.2,900,10,2026-02-27 20:33:44.117754,2026-02-27 20:33:44.416981,54899.999999999694
PAPER-1772204624,SENSEX 05MAR 81500 PE,CBBR2,422.7,412.75,900,10,2026-02-27 20:33:44.418411,2026-02-27 20:33:44.568135,-89549.9999999999
PAPER-1772204624,SENSEX 05MAR 81500 PE,CBBR2,422.7,403.75,900,10,2026-02-27 20:33:44.569604,2026-02-27 20:33:45.165400,-170549.99999999988
PAPER-1772204630,SENSEX 05MAR 81500 PE,"BB12, BB17, CBB0, CBB1, CBB3, Green",425.0,403.7,900,10,2026-02-27 20:33:50.395968,2026-02-27 20:33:50.548487,-191700.00000000012
PAPER-1772204630,SENSEX 05MAR 81500 PE,"CBB0, CBB1, CBB3",431.05,412.05,900,10,2026-02-27 20:33:50.549963,2026-02-27 20:33:50.703136,-171000.0
PAPER-1772204630,SENSEX 05MAR 81500 PE,"BB12, CBB0, CBB1, CBB3",431.05,410.0,900,10,2026-02-27 20:33:50.704496,2026-02-27 20:33:50.857254,-189450.00000000012
PAPER-1772204630,SENSEX 05MAR 81500 PE,"BB12, CBB0, CBB1, CBB3",431.05,406.1,900,10,2026-02-27 20:33:50.858651,2026-02-27 20:33:51.011734,-224549.99999999988
PAPER-1772204631,SENSEX 05MAR 81500 PE,"CBB0, CBB1, CBB3",431.05,382.95,900,10,2026-02-27 20:33:51.013261,2026-02-27 20:33:51.165700,-432900.00000000023
PAPER-1772204640,SENSEX 05MAR 81500 PE,NRCB,180.65,176.4,900,10,2026-02-27 20:34:00.412077,2026-02-27 20:34:00.570469,-38250.0
PAPER-1772204640,SENSEX 05MAR 81500 PE,NRCB,180.65,172.4,900,10,2026-02-27 20:34:00.572871,2026-02-27 20:34:00.731693,-74250.0
PAPER-1772204640,SENSEX 05MAR 81500 PE,NRCB,180.65,181.9,900,10,2026-02-27 20:34:00.733639,2026-02-27 20:34:02.311407,11250.0
PAPER-1772204656,SENSEX 05MAR 81500 PE,"BB12, BB17, CBB0, Green",166.85,162.15,900,10,2026-02-27 20:34:16.341260,2026-02-27 20:34:17.665788,-42299.9999999999
PAPER-1772204659,SENSEX 05MAR 81500 PE,"BB12, CBB0, CBB4",169.45,165.15,900,10,2026-02-27 20:34:19.658719,2026-02-27 20:34:19.998658,-38699.99999999985
PAPER-1772204660,SENSEX 05MAR 81500 PE,"BB12, CBB0, CBB4",169.55,165.85,900,10,2026-02-27 20:34:20.000828,2026-02-27 20:34:20.169721,-33300.00000000015
PAPER-1772204660,SENSEX 05MAR 81500 PE,"BB12, CBB0, CBB4",169.55,164.2,900,10,2026-02-27 20:34:20.171239,2026-02-27 20:34:20.340372,-48150.000000000204
PAPER-1772204660,SENSEX 05MAR 81500 PE,"CBB0, CBB4",169.55,161.45,900,10,2026-02-27 20:34:20.341763,2026-02-27 20:34:20.514201,-72900.0000000002
PAPER-1772204661,SENSEX 05MAR 81500 PE,"BB12, BB17, Green",168.15,167.7,900,10,2026-02-27 20:34:21.870495,2026-02-27 20:34:22.716587,-4050.0000000001537
PAPER-1772204665,SENSEX 05MAR 81500 PE,"CBB0, CBB4",171.6,167.45,900,10,2026-02-27 20:34:25.088459,2026-02-27 20:34:25.428429,-37350.00000000005
PAPER-1772204666,SENSEX 05MAR 81500 PE,"BB12, CBBR3",174.3,170.5,900,10,2026-02-27 20:34:26.282474,2026-02-27 20:34:26.628512,-34200.0000000001
PAPER-1772204666,SENSEX 05MAR 81500 PE,"BB12, CBBR3",176.15,170.05,900,10,2026-02-27 20:34:26.630025,2026-02-27 20:34:26.802521,-54899.99999999995
PAPER-1772204666,SENSEX 05MAR 81500 PE,"BB12, CBBR3",176.15,170.7,900,10,2026-02-27 20:34:26.803911,2026-02-27 20:34:26.975503,-49050.00000000015
PAPER-1772204668,SENSEX 05MAR 81500 PE,"BB12, CBB0, CBB2, CBB6",187.0,248.05,900,10,2026-02-27 20:34:28.173675,2026-02-27 20:34:29.034653,549450.0000000001
PAPER-1772204673,SENSEX 05MAR 81500 PE,"BB6, BB8, CBB0, CBB3",310.3,308.2,900,10,2026-02-27 20:34:33.027517,2026-02-27 20:34:33.554254,-18900.000000000204
PAPER-1772204673,SENSEX 05MAR 81500 PE,"BB6, BB8, CBB0, CBB3",317.8,294.2,900,10,2026-02-27 20:34:33.555771,2026-02-27 20:34:33.731167,-212400.0000000002
PAPER-1772204673,SENSEX 05MAR 81500 PE,"BB6, BB8, CBB0, CBB3",317.8,293.8,900,10,2026-02-27 20:34:33.732547,2026-02-27 20:34:34.080993,-216000.0
PAPER-1772204675,SENSEX 05MAR 81500 PE,"BB13, CBBR1, CBBR2, CBBR5, CBBR6, CBBR7, Green",302.5,294.7,900,10,2026-02-27 20:34:35.651588,2026-02-27 20:34:35.828639,-70200.0000000001
PAPER-1772204675,SENSEX 05MAR 81500 PE,"BB13, CBBR1, CBBR2, CBBR5, CBBR6, CBBR7, Green",302.5,288.85,900,10,2026-02-27 20:34:35.831090,2026-02-27 20:34:36.007943,-122849.9999999998
PAPER-1772204676,SENSEX 05MAR 81500 PE,"BB13, CBBR1, CBBR2, CBBR5, CBBR6, CBBR7, Green",302.5,283.95,900,10,2026-02-27 20:34:36.009933,2026-02-27 20:34:36.186906,-166950.00000000012
PAPER-1772204676,SENSEX 05MAR 81500 PE,"BB13, CBBR1, CBBR2, CBBR5, CBBR6, CBBR7, Green",302.5,281.95,900,10,2026-02-27 20:34:36.188272,2026-02-27 20:34:36.365216,-184950.00000000012
PAPER-1772204676,SENSEX 05MAR 81500 PE,"BB13, CBBR1, CBBR2, CBBR5, CBBR6, CBBR7, Green",302.5,286.85,900,10,2026-02-27 20:34:36.366639,2026-02-27 20:34:36.543308,-140849.9999999998
PAPER-1772204680,SENSEX 05MAR 81500 PE,"BB13, CBBR3, CBBR5, CBBR6, Green",318.0,304.1,900,10,2026-02-27 20:34:40.946952,2026-02-27 20:34:41.305563,-125099.9999999998
PAPER-1772204681,SENSEX 05MAR 81500 PE,"BB13, CBBR3, CBBR5, CBBR6, Green",318.15,299.75,900,10,2026-02-27 20:34:41.307019,2026-02-27 20:34:41.486353,-165599.9999999998
PAPER-1772204681,SENSEX 05MAR 81500 PE,"BB13, CBBR3, CBBR5, CBBR6, Green",318.15,297.0,900,10,2026-02-27 20:34:41.487799,2026-02-27 20:34:41.667118,-190349.9999999998
PAPER-1772204681,SENSEX 05MAR 81500 PE,"BB13, CBBR3, CBBR5, CBBR6, Green",318.15,290.2,900,10,2026-02-27 20:34:41.668526,2026-02-27 20:34:41.847252,-251549.99999999988
PAPER-1772204684,SENSEX 05MAR 81500 PE,"BB1, BB2, BB3, BB4, BB5, BB6, BB7, BB8, BB9, BB10, BB12, BB17, CBB0, CBB1, CBB2, CBB7, Green",328.1,319.2,900,10,2026-02-27 20:34:44.700160,2026-02-27 20:34:45.425079,-80100.0000000003
PAPER-1772204691,SENSEX 05MAR 81500 PE,"BB9, BB12, BB17, CBB0, CBB1, CBB2, CBB6, CBB7, Green",305.9,307.35,900,10,2026-02-27 20:34:51.946165,2026-02-27 20:34:53.411178,13050.00000000041
PAPER-1772204696,SENSEX 05MAR 81500 PE,NRCB,288.5,284.55,900,10,2026-02-27 20:34:56.347442,2026-02-27 20:34:56.720943,-35549.9999999999
PAPER-1772204696,SENSEX 05MAR 81500 PE,NRCB,294.5,281.35,900,10,2026-02-27 20:34:56.722418,2026-02-27 20:34:56.909170,-118349.9999999998
PAPER-1772204696,SENSEX 05MAR 81500 PE,NRCB,294.5,287.4,900,10,2026-02-27 20:34:56.910558,2026-02-27 20:34:57.096727,-63900.000000000204
PAPER-1772204697,SENSEX 05MAR 81500 PE,NRCB,294.5,280.0,900,10,2026-02-27 20:34:57.098149,2026-02-27 20:34:57.283795,-130500.0
PAPER-1772204698,SENSEX 05MAR 81500 PE,"BB12, BB13, CBB0, Green",290.65,278.4,900,10,2026-02-27 20:34:58.209716,2026-02-27 20:34:58.583476,-110250.0
PAPER-1772204698,SENSEX 05MAR 81500 PE,"BB13, CBB0, Green",290.65,279.55,900,10,2026-02-27 20:34:58.584965,2026-02-27 20:34:58.771797,-99899.9999999997
PAPER-1772204698,SENSEX 05MAR 81500 PE,"BB12, BB13, CBB0, Green",290.65,279.85,900,10,2026-02-27 20:34:58.773149,2026-02-27 20:34:58.960236,-97199.99999999959
PAPER-1772204698,SENSEX 05MAR 81500 PE,"BB12, BB13, CBB0, Green",290.65,276.4,900,10,2026-02-27 20:34:58.961547,2026-02-27 20:34:59.148814,-128250.0
PAPER-1772204701,SENSEX 05MAR 81500 PE,"BB13, Green",240.15,255.15,900,10,2026-02-27 20:35:01.200061,2026-02-27 20:35:01.766025,135000.0
PAPER-1772204701,SENSEX 05MAR 81500 PE,"BB13, Green",260.0,246.2,900,10,2026-02-27 20:35:01.768442,2026-02-27 20:35:02.329370,-124200.0000000001
PAPER-1772204707,SENSEX 05MAR 81500 PE,NRCB,218.75,240.15,900,10,2026-02-27 20:35:07.208432,2026-02-27 20:35:07.399280,192600.00000000006
PAPER-1772204707,SENSEX 05MAR 81500 PE,"NRCB, BB12, CBB0, CBB6",241.85,240.4,900,10,2026-02-27 20:35:07.401490,2026-02-27 20:35:07.591421,-13049.999999999898
PAPER-1772204713,SENSEX 05MAR 81500 PE,"BB1, BB12, CBB0, Green",213.6,202.95,900,10,2026-02-27 20:35:13.320522,2026-02-27 20:35:13.514683,-95850.00000000006
PAPER-1772204713,SENSEX 05MAR 81500 PE,"BB1, CBB0, Green",213.6,202.6,900,10,2026-02-27 20:35:13.516157,2026-02-27 20:35:13.709457,-99000.0
PAPER-1772204713,SENSEX 05MAR 81500 PE,"BB1, CBB0, Green",213.6,216.0,900,10,2026-02-27 20:35:13.710833,2026-02-27 20:35:14.098275,21600.00000000005
PAPER-1772204714,SENSEX 05MAR 81500 PE,"BB1, BB12, CBB0, CBB4, Green",229.55,218.85,900,10,2026-02-27 20:35:14.099646,2026-02-27 20:35:14.292886,-96300.00000000016
PAPER-1772204719,SENSEX 05MAR 81500 PE,"BB17, CBB0, CBB2, CBB5, CBB6, Green",217.4,237.95,900,10,2026-02-27 20:35:19.119963,2026-02-27 20:35:20.300438,184949.99999999985
PAPER-1772204725,SENSEX 05MAR 81500 PE,"BB13, Green",202.3,200.55,900,10,2026-02-27 20:35:25.981350,2026-02-27 20:35:26.580411,-15750.0
PAPER-1772204726,SENSEX 05MAR 81500 PE,"NRCB, BB13, Green",206.9,259.05,900,10,2026-02-27 20:35:26.581925,2026-02-27 20:35:28.564349,469350.0
PAPER-1772204731,SENSEX 05MAR 81500 PE,"BB2, CBB0, CBB6, Green",280.0,274.45,900,10,2026-02-27 20:35:31.171166,2026-02-27 20:35:31.572691,-49950.0000000001
PAPER-1772204731,SENSEX 05MAR 81500 PE,"BB2, Green",287.5,281.3,900,10,2026-02-27 20:35:31.574172,2026-02-27 20:35:31.776051,-55799.9999999999
PAPER-1772204731,SENSEX 05MAR 81500 PE,"BB2, CBB0, CBB2, CBB6, Green",287.5,272.85,900,10,2026-02-27 20:35:31.777457,2026-02-27 20:35:31.977888,-131849.9999999998
PAPER-1772204734,SENSEX 05MAR 81500 PE,"CBB0, CBB6",275.95,268.9,900,10,2026-02-27 20:35:34.836013,2026-02-27 20:35:35.038426,-63450.0000000001
PAPER-1772204742,SENSEX 05MAR 81500 PE,"BB1, BB9, CBB0, CBB8",300.95,306.6,900,10,2026-02-27 20:35:42.126947,2026-02-27 20:35:44.381319,50850.000000000306
PAPER-1772204746,SENSEX 05MAR 81500 PE,"BB2, BB6, BB7, BB9, BB10, CBB0, CBB3",316.5,306.0,900,10,2026-02-27 20:35:46.533914,2026-02-27 20:35:46.740916,-94500.0
PAPER-1772204746,SENSEX 05MAR 81500 PE,"BB2, BB6, BB7, BB9, BB10, CBB0, CBB3",316.5,319.65,900,10,2026-02-27 20:35:46.950455,2026-02-27 20:35:47.986394,28349.999999999796
PAPER-1772204752,SENSEX 05MAR 81500 PE,CBBR2,311.35,304.05,900,10,2026-02-27 20:35:52.562519,2026-02-27 20:35:52.771506,-65700.0000000001
PAPER-1772204752,SENSEX 05MAR 81500 PE,CBBR2,312.0,303.25,900,10,2026-02-27 20:35:52.772948,2026-02-27 20:35:52.982333,-78750.0
PAPER-1772204752,SENSEX 05MAR 81500 PE,CBBR2,312.0,304.0,900,10,2026-02-27 20:35:52.983731,2026-02-27 20:35:53.194047,-72000.0
PAPER-1772204753,SENSEX 05MAR 81500 PE,CBBR2,312.0,304.15,900,10,2026-02-27 20:35:53.195451,2026-02-27 20:35:53.404099,-70650.0000000002
PAPER-1772204753,SENSEX 05MAR 81500 PE,CBBR2,312.0,304.8,900,10,2026-02-27 20:35:53.405464,2026-02-27 20:35:53.614714,-64799.9999999999
PAPER-1772204757,SENSEX 05MAR 81500 PE,NRCB,313.45,299.25,900,10,2026-02-27 20:35:57.374766,2026-02-27 20:35:58.425031,-127799.9999999999
PAPER-1772204761,SENSEX 05MAR 81500 PE,"NRCB, CBB0",294.75,277.1,900,10,2026-02-27 20:36:01.162273,2026-02-27 20:36:02.648605,-158849.9999999998
PAPER-1772204772,SENSEX 05MAR 81500 PE,"CBB0, CBB1, CBB2, CBB7",238.45,231.45,900,10,2026-02-27 20:36:12.486084,2026-02-27 20:36:12.701779,-63000.0
PAPER-1772204775,SENSEX 05MAR 81500 PE,"BB12, CBB0, CBB1, CBB3, CBB4",319.4,303.3,900,10,2026-02-27 20:36:15.938601,2026-02-27 20:36:16.156708,-144899.99999999968
PAPER-1772204776,SENSEX 05MAR 81500 PE,"BB12, CBB0, CBB1, CBB3, CBB4",319.75,312.4,900,10,2026-02-27 20:36:16.158152,2026-02-27 20:36:16.377694,-66150.0000000002
PAPER-1772204776,SENSEX 05MAR 81500 PE,"BB12, CBB0, CBB1, CBB3, CBB4",319.75,325.55,900,10,2026-02-27 20:36:16.379055,2026-02-27 20:36:17.038086,52200.0000000001
PAPER-1772204780,SENSEX 05MAR 81500 PE,"BB8, BB12, CBBR3, Green",374.75,360.35,900,10,2026-02-27 20:36:20.527811,2026-02-27 20:36:20.747421,-129599.9999999998
PAPER-1772204780,SENSEX 05MAR 81500 PE,"NRCB, BB8, CBBR3, Green",374.75,351.55,900,10,2026-02-27 20:36:20.748949,2026-02-27 20:36:20.970257,-208799.99999999988
PAPER-1772204780,SENSEX 05MAR 81500 PE,"NRCB, BB8, CBBR3, Green",374.75,331.4,900,10,2026-02-27 20:36:20.972310,2026-02-27 20:36:21.197138,-390150.00000000023
PAPER-1772204781,SENSEX 05MAR 81500 PE,"NRCB, BB8, CBBR3, Green",374.75,340.6,900,10,2026-02-27 20:36:21.202716,2026-02-27 20:36:21.454218,-307349.99999999977
PAPER-1772204782,SENSEX 05MAR 81500 PE,"BB1, BB8, BB9, BB10, BB11, CBB0, CBB4",361.65,353.7,900,10,2026-02-27 20:36:22.767145,2026-02-27 20:36:22.987324,-71549.9999999999
PAPER-1772204782,SENSEX 05MAR 81500 PE,"BB1, BB8, BB9, BB10, BB11, CBB0, CBB4",361.65,351.75,900,10,2026-02-27 20:36:22.989755,2026-02-27 20:36:23.872713,-89099.9999999998
PAPER-1772204789,SENSEX 05MAR 81500 PE,"BB13, CBBR5, Green",403.5,428.25,900,10,2026-02-27 20:36:29.166908,2026-02-27 20:36:30.729888,222750.0
PAPER-1772204792,SENSEX 05MAR 81500 PE,CBBR2,398.95,386.05,900,10,2026-02-27 20:36:32.516893,2026-02-27 20:36:32.742130,-116099.9999999998
PAPER-1772204792,SENSEX 05MAR 81500 PE,CBBR2,398.95,371.2,900,10,2026-02-27 20:36:32.744530,2026-02-27 20:36:32.969990,-249750.0
PAPER-1772204792,SENSEX 05MAR 81500 PE,CBBR2,398.95,381.0,900,10,2026-02-27 20:36:32.971494,2026-02-27 20:36:33.197380,-161549.99999999988
PAPER-1772204793,SENSEX 05MAR 81500 PE,CBBR2,398.95,384.8,900,10,2026-02-27 20:36:33.198749,2026-02-27 20:36:33.424340,-127349.9999999998
PAPER-1772204793,SENSEX 05MAR 81500 PE,CBBR2,398.95,373.3,900,10,2026-02-27 20:36:33.425711,2026-02-27 20:36:33.651439,-230849.9999999998
PAPER-1772204795,SENSEX 05MAR 81500 PE,CBBR3,401.75,390.3,900,10,2026-02-27 20:36:35.465462,2026-02-27 20:36:36.364327,-103049.9999999999
PAPER-1772204797,SENSEX 05MAR 81500 PE,"CBB0, CBB4",412.5,404.0,900,10,2026-02-27 20:36:37.936814,2026-02-27 20:36:39.513923,-76500.0
PAPER-1772204800,SENSEX 05MAR 81500 PE,CBBR2,388.6,379.7,900,10,2026-02-27 20:36:40.420820,2026-02-27 20:36:40.875744,-80100.0000000003
PAPER-1772204800,SENSEX 05MAR 81500 PE,CBBR2,389.05,376.85,900,10,2026-02-27 20:36:40.877198,2026-02-27 20:36:41.105688,-109799.9999999999
PAPER-1772204801,SENSEX 05MAR 81500 PE,CBBR2,389.05,368.45,900,10,2026-02-27 20:36:41.107085,2026-02-27 20:36:41.334578,-185400.0000000002
PAPER-1772204801,SENSEX 05MAR 81500 PE,CBBR2,389.05,378.45,900,10,2026-02-27 20:36:41.335979,2026-02-27 20:36:41.563723,-95400.0000000002
PAPER-1772204804,SENSEX 05MAR 81500 PE,"BB6, BB11, BB12, CBB0, CBB7",391.2,378.6,900,10,2026-02-27 20:36:44.512906,2026-02-27 20:36:44.741434,-113399.9999999997
PAPER-1772204804,SENSEX 05MAR 81500 PE,"BB6, BB11, CBB0, CBB7",391.2,429.65,900,10,2026-02-27 20:36:44.743862,2026-02-27 20:36:46.799162,346049.9999999999
PAPER-1772204806,SENSEX 05MAR 81500 PE,"BB8, BB9, BB10, BB11, BB12, CBB0, CBB1, CBB3, CBB4, Green",432.0,443.4,900,10,2026-02-27 20:36:46.800653,2026-02-27 20:36:48.172172,102599.9999999998
PAPER-1772204814,SENSEX 05MAR 81500 PE,"BB13, Green",408.7,431.3,900,10,2026-02-27 20:36:54.132865,2026-02-27 20:36:57.382100,203400.0000000002
PAPER-1772204819,SENSEX 05MAR 81500 PE,"BB8, CBBR2, CBBR7",417.0,406.2,900,10,2026-02-27 20:36:59.959921,2026-02-27 20:37:00.430991,-97200.0000000001
PAPER-1772204820,SENSEX 05MAR 81500 PE,"BB8, CBBR2, CBBR7",419.75,422.0,900,10,2026-02-27 20:37:00.432461,2026-02-27 20:37:03.715891,20250.0
PAPER-1772204829,SENSEX 05MAR 81500 PE,CBBR2,433.95,423.3,900,10,2026-02-27 20:37:09.348878,2026-02-27 20:37:09.586670,-95849.9999999998
PAPER-1772204829,SENSEX 05MAR 81500 PE,CBBR2,435.0,420.8,900,10,2026-02-27 20:37:09.588171,2026-02-27 20:37:09.825672,-127799.9999999999
PAPER-1772204829,SENSEX 05MAR 81500 PE,CBBR2,435.0,423.0,900,10,2026-02-27 20:37:09.827050,2026-02-27 20:37:10.546398,-108000.0
PAPER-1772204842,SENSEX 05MAR 81500 PE,"NRCB, BB11, BB12, CBB0, CBB3, CBB4",375.2,348.8,900,10,2026-02-27 20:37:22.734333,2026-02-27 20:37:23.219377,-237599.9999999998
PAPER-1772204843,SENSEX 05MAR 81500 PE,"NRCB, BB11, BB12",376.0,348.35,900,10,2026-02-27 20:37:23.220866,2026-02-27 20:37:23.464263,-248849.9999999998
PAPER-1772204843,SENSEX 05MAR 81500 PE,"NRCB, BB11, BB12",376.0,346.45,900,10,2026-02-27 20:37:23.465586,2026-02-27 20:37:23.707791,-265950.0000000001
PAPER-1772204845,SENSEX 05MAR 81500 PE,"BB11, BB12, CBB0, Green",370.1,360.85,900,10,2026-02-27 20:37:25.409770,2026-02-27 20:37:26.140928,-83250.0
PAPER-1772204851,SENSEX 05MAR 81500 PE,"BB13, Green",405.5,397.65,900,10,2026-02-27 20:37:31.002419,2026-02-27 20:37:32.957597,-70650.0000000002
PAPER-1772204856,SENSEX 05MAR 81500 PE,"NRCB, CBBR3",535.85,530.55,900,10,2026-02-27 20:37:36.135887,2026-02-27 20:37:36.382487,-47700.00000000061
PAPER-1772204856,SENSEX 05MAR 81500 PE,"NRCB, BB12, CBBR3",551.35,670.35,900,10,2026-02-27 20:37:36.384917,2026-02-27 20:37:37.619131,1071000.0
PAPER-1772204865,SENSEX 05MAR 81600 CE,"BB8, BB12, Green",2050.0,1260.0,900,10,2026-02-27 20:37:45.077264,2026-02-27 20:37:45.346662,-7110000.0
PAPER-1772204866,SENSEX 05MAR 81600 CE,"BB15, BB17, Green",1110.05,1209.9,900,10,2026-02-27 20:37:46.572419,2026-02-27 20:37:47.102138,898650.0000000013
PAPER-1772204867,SENSEX 05MAR 81600 CE,"BB12, BB17, CBB0, CBB4, Green",1469.15,1457.15,900,10,2026-02-27 20:37:47.774303,2026-02-27 20:37:48.153360,-108000.0
PAPER-1772204868,SENSEX 05MAR 81600 CE,"BB8, CBBR2",1576.9,1537.0,900,10,2026-02-27 20:37:48.679899,2026-02-27 20:37:49.710294,-359100.0000000008
PAPER-1772204873,SENSEX 05MAR 81600 CE,"BB15, BB17, Green",1160.0,1110.0,900,10,2026-02-27 20:37:53.012962,2026-02-27 20:37:53.164920,-450000.0
PAPER-1772204874,SENSEX 05MAR 81600 CE,"BB17, Green",1123.35,1120.0,900,10,2026-02-27 20:37:54.236363,2026-02-27 20:37:54.392847,-30149.99999999918
PAPER-1772204874,SENSEX 05MAR 81600 CE,"BB12, CBBR1, CBBR2, CBBR3, CBBR7",1160.0,1135.2,900,10,2026-02-27 20:37:54.553219,2026-02-27 20:37:54.791083,-223199.9999999996
PAPER-1772204875,SENSEX 05MAR 81600 CE,"BB12, CBBR1, CBBR2, CBBR3, CBBR7",1150.0,1130.0,900,10,2026-02-27 20:37:55.033701,2026-02-27 20:37:55.197086,-180000.0
PAPER-1772204875,SENSEX 05MAR 81600 CE,CBBR2,1125.65,1129.15,900,10,2026-02-27 20:37:55.926634,2026-02-27 20:37:56.420927,31500.0
PAPER-1772204876,SENSEX 05MAR 81600 CE,CBBR2,1129.15,1104.1,900,10,2026-02-27 20:37:56.422924,2026-02-27 20:37:56.506684,-225450.00000000163
PAPER-1772204876,SENSEX 05MAR 81600 CE,"CBB0, CBB8",1134.95,1090.0,900,10,2026-02-27 20:37:56.676840,2026-02-27 20:37:56.762062,-404550.0000000004
PAPER-1772204876,SENSEX 05MAR 81600 CE,"CBB0, CBB8",1134.95,1225.55,900,10,2026-02-27 20:37:56.763445,2026-02-27 20:37:57.192635,815399.9999999992
PAPER-1772204877,SENSEX 05MAR 81600 CE,"BB17, Green",1172.05,1143.75,900,10,2026-02-27 20:37:57.539980,2026-02-27 20:37:57.826120,-254699.9999999996
PAPER-1772204878,SENSEX 05MAR 81600 CE,"CBB0, CBB4",1170.0,1140.0,900,10,2026-02-27 20:37:58.708392,2026-02-27 20:37:58.798460,-270000.0
PAPER-1772204879,SENSEX 05MAR 81600 CE,"BB17, Green",1030.0,1000.0,900,10,2026-02-27 20:37:59.879694,2026-02-27 20:38:00.159591,-270000.0
PAPER-1772204880,SENSEX 05MAR 81600 CE,NRCB,940.15,934.45,900,10,2026-02-27 20:38:00.718573,2026-02-27 20:38:02.143727,-51299.99999999939
PAPER-1772204883,SENSEX 05MAR 81600 CE,"BB12, CBB0, CBB1, CBB4",954.9,921.0,900,10,2026-02-27 20:38:03.973909,2026-02-27 20:38:04.073396,-305099.99999999977
PAPER-1772204884,SENSEX 05MAR 81600 CE,"BB12, BB17, CBB0, CBB1, CBB4, Green",954.9,925.0,900,10,2026-02-27 20:38:04.074847,2026-02-27 20:38:04.174328,-269099.99999999977
PAPER-1772204884,SENSEX 05MAR 81600 CE,"BB12, CBB0, CBB1, CBB4",954.9,930.0,900,10,2026-02-27 20:38:04.175726,2026-02-27 20:38:04.471734,-224099.9999999998
PAPER-1772204884,SENSEX 05MAR 81600 CE,"BB12, CBB0, CBB4",955.0,932.0,900,10,2026-02-27 20:38:04.573301,2026-02-27 20:38:04.774816,-207000.0
PAPER-1772204885,SENSEX 05MAR 81600 CE,CBBR2,915.0,1019.0,900,10,2026-02-27 20:38:05.779389,2026-02-27 20:38:07.534574,936000.0
PAPER-1772204887,SENSEX 05MAR 81600 CE,"BB8, BB12, CBB0, CBB1, CBB3, Green",1039.9,1055.2,900,10,2026-02-27 20:38:07.645279,2026-02-27 20:38:08.824040,137699.9999999996
PAPER-1772204889,SENSEX 05MAR 81600 CE,CBBR2,1053.95,1009.9,900,10,2026-02-27 20:38:09.140428,2026-02-27 20:38:09.461369,-396450.00000000064
PAPER-1772204889,SENSEX 05MAR 81600 CE,CBBR2,1040.0,1004.9,900,10,2026-02-27 20:38:09.781586,2026-02-27 20:38:10.534731,-315900.00000000023
PAPER-1772204890,SENSEX 05MAR 81600 CE,"CBBR2, CBBR7",1030.0,799.6,900,10,2026-02-27 20:38:10.644200,2026-02-27 20:38:12.059323,-2073600.0
PAPER-1772204893,SENSEX 05MAR 81600 CE,"BB2, BB15, Green",813.55,777.05,900,10,2026-02-27 20:38:13.146005,2026-02-27 20:38:13.256544,-328500.0
PAPER-1772204893,SENSEX 05MAR 81600 CE,"BB2, BB15, Green",813.55,767.85,900,10,2026-02-27 20:38:13.257995,2026-02-27 20:38:13.368653,-411299.99999999936
PAPER-1772204893,SENSEX 05MAR 81600 CE,"BB2, BB15, Green",813.55,761.5,900,10,2026-02-27 20:38:13.370038,2026-02-27 20:38:13.480704,-468449.9999999996
PAPER-1772204893,SENSEX 05MAR 81600 CE,"BB2, BB15, Green",813.55,722.0,900,10,2026-02-27 20:38:13.482087,2026-02-27 20:38:13.592966,-823949.9999999995
PAPER-1772204893,SENSEX 05MAR 81600 CE,"BB2, BB15, Green",813.55,738.4,900,10,2026-02-27 20:38:13.594381,2026-02-27 20:38:13.704709,-676349.9999999998
PAPER-1772204894,SENSEX 05MAR 81600 CE,"BB15, Green",767.75,750.2,900,10,2026-02-27 20:38:14.693976,2026-02-27 20:38:14.804619,-157949.9999999996
PAPER-1772204900,SENSEX 05MAR 81600 CE,"BB10, BB12, Green",703.0,688.15,900,10,2026-02-27 20:38:20.676616,2026-02-27 20:38:20.792530,-133650.0000000002
PAPER-1772204900,SENSEX 05MAR 81600 CE,"BB10, BB12, Green",705.05,682.55,900,10,2026-02-27 20:38:20.794928,2026-02-27 20:38:20.911097,-202500.0
PAPER-1772204900,SENSEX 05MAR 81600 CE,"BB10, BB12, Green",705.05,681.4,900,10,2026-02-27 20:38:20.912574,2026-02-27 20:38:21.601765,-212849.9999999998
PAPER-1772204904,SENSEX 05MAR 81600 CE,"BB12, CBB0, CBB1, CBB3, CBB4",698.95,684.55,900,10,2026-02-27 20:38:24.986441,2026-02-27 20:38:25.104646,-129600.00000000081
PAPER-1772204909,SENSEX 05MAR 81600 CE,"NRCB, BB12",640.0,639.95,900,10,2026-02-27 20:38:29.263341,2026-02-27 20:38:30.361904,-449.9999999995907
PAPER-1772204910,SENSEX 05MAR 81600 CE,"BB12, CBB0, CBB1, CBB4",660.0,657.0,900,10,2026-02-27 20:38:30.854559,2026-02-27 20:38:31.609627,-27000.0
PAPER-1772204913,SENSEX 05MAR 81600 CE,CBBR6,632.85,607.15,900,10,2026-02-27 20:38:33.574960,2026-02-27 20:38:33.699049,-231300.0000000004
PAPER-1772204914,SENSEX 05MAR 81600 CE,"NRCB, CBBR3, CBBR6",637.5,618.05,900,10,2026-02-27 20:38:34.443179,2026-02-27 20:38:35.316967,-175050.0000000004
PAPER-1772204916,SENSEX 05MAR 81600 CE,CBBR6,620.2,592.2,900,10,2026-02-27 20:38:36.818310,2026-02-27 20:38:36.945093,-252000.0
PAPER-1772204921,SENSEX 05MAR 81600 CE,CBBR6,608.2,595.65,900,10,2026-02-27 20:38:41.898681,2026-02-27 20:38:42.029585,-112950.00000000061
PAPER-1772204922,SENSEX 05MAR 81600 CE,CBBR6,608.2,590.35,900,10,2026-02-27 20:38:42.031016,2026-02-27 20:38:42.941863,-160650.0000000002
PAPER-1772204923,SENSEX 05MAR 81600 CE,"BB12, CBBR3",611.85,585.5,900,10,2026-02-27 20:38:43.205069,2026-02-27 20:38:43.335506,-237150.0000000002
PAPER-1772204923,SENSEX 05MAR 81600 CE,CBBR3,619.45,597.05,900,10,2026-02-27 20:38:43.468879,2026-02-27 20:38:43.602630,-201600.00000000081
PAPER-1772204923,SENSEX 05MAR 81600 CE,CBBR3,619.45,610.7,900,10,2026-02-27 20:38:43.604003,2026-02-27 20:38:44.023534,-78750.0
PAPER-1772204925,SENSEX 05MAR 81600 CE,"BB12, BB13, CBBR3, Green",676.4,644.25,900,10,2026-02-27 20:38:45.726875,2026-02-27 20:38:46.655580,-289349.99999999977
PAPER-1772204927,SENSEX 05MAR 81600 CE,"BB6, BB11, CBB0, CBB6",668.75,650.4,900,10,2026-02-27 20:38:47.713789,2026-02-27 20:38:47.846576,-165150.0000000002
PAPER-1772204933,SENSEX 05MAR 81600 CE,"BB11, BB12, CBB0, CBB1, CBB3, CBB4, CBB8, Green",599.0,586.0,900,10,2026-02-27 20:38:53.076336,2026-02-27 20:38:53.351675,-117000.0
PAPER-1772204933,SENSEX 05MAR 81600 CE,"BB11, CBB0, CBB1, CBB3, CBB4, CBB8, Green",600.0,581.8,900,10,2026-02-27 20:38:53.354077,2026-02-27 20:38:53.768980,-163800.0000000004
PAPER-1772204940,SENSEX 05MAR 81600 PE,"BB17, Green",323.4,316.9,900,10,2026-02-27 20:39:00.671894,2026-02-27 20:39:00.770859,-58500.0
PAPER-1772204941,SENSEX 05MAR 81600 PE,"BB17, Green",323.95,323.55,900,10,2026-02-27 20:39:01.456568,2026-02-27 20:39:02.324677,-3599.9999999997954
PAPER-1772204942,SENSEX 05MAR 81600 PE,"NRCB, BB12",314.7,307.65,900,10,2026-02-27 20:39:02.966333,2026-02-27 20:39:03.131473,-63450.0000000001
PAPER-1772204944,SENSEX 05MAR 81600 PE,"BB12, BB17, Green",335.65,348.75,900,10,2026-02-27 20:39:04.341314,2026-02-27 20:39:04.520386,117900.0000000002
PAPER-1772204944,SENSEX 05MAR 81600 PE,"BB12, BB17, Green",363.1,346.35,900,10,2026-02-27 20:39:04.521847,2026-02-27 20:39:04.581161,-150750.0
PAPER-1772204944,SENSEX 05MAR 81600 PE,"BB12, BB17, Green",363.1,348.75,900,10,2026-02-27 20:39:04.582521,2026-02-27 20:39:04.641566,-129150.0000000002
PAPER-1772204944,SENSEX 05MAR 81600 PE,"BB8, BB12, CBB0, CBB6, Green",362.05,349.8,900,10,2026-02-27 20:39:04.994363,2026-02-27 20:39:05.175969,-110250.0
PAPER-1772204945,SENSEX 05MAR 81600 PE,"BB8, BB12, CBB0, CBB6, Green",362.05,351.85,900,10,2026-02-27 20:39:05.177392,2026-02-27 20:39:05.236768,-91799.9999999999
PAPER-1772204946,SENSEX 05MAR 81600 PE,"CBB0, CBB8",328.15,324.45,900,10,2026-02-27 20:39:06.375769,2026-02-27 20:39:06.562511,-33299.9999999999
PAPER-1772204946,SENSEX 05MAR 81600 PE,"BB17, Green",320.2,308.45,900,10,2026-02-27 20:39:06.935953,2026-02-27 20:39:06.999171,-105750.0
PAPER-1772204947,SENSEX 05MAR 81600 PE,"BB12, BB17, Green",314.2,307.5,900,10,2026-02-27 20:39:07.509458,2026-02-27 20:39:07.641976,-60299.9999999999
PAPER-1772204947,SENSEX 05MAR 81600 PE,"BB12, BB17, Green",314.2,300.35,900,10,2026-02-27 20:39:07.643384,2026-02-27 20:39:07.708720,-124649.9999999997
PAPER-1772204949,SENSEX 05MAR 81600 PE,"BB1, BB2, BB5, BB12, BB17, CBB0, CBB1, CBB3, Green",326.05,318.05,900,10,2026-02-27 20:39:09.159934,2026-02-27 20:39:10.009943,-72000.0
PAPER-1772204951,SENSEX 05MAR 81600 PE,"BB17, Green",220.3,219.4,900,10,2026-02-27 20:39:11.545127,2026-02-27 20:39:12.046296,-8100.000000000051
PAPER-1772204952,SENSEX 05MAR 81600 PE,"BB17, Green",229.4,222.75,900,10,2026-02-27 20:39:12.920017,2026-02-27 20:39:12.994138,-59850.00000000005
PAPER-1772204953,SENSEX 05MAR 81600 PE,"BB12, CBBR1, CBBR2",229.85,241.2,900,10,2026-02-27 20:39:13.368214,2026-02-27 20:39:14.136533,102149.99999999994
PAPER-1772204954,SENSEX 05MAR 81600 PE,CBBR2,241.2,258.4,900,10,2026-02-27 20:39:14.137999,2026-02-27 20:39:14.294402,154799.99999999988
PAPER-1772204955,SENSEX 05MAR 81600 PE,"BB17, Green",274.75,267.9,900,10,2026-02-27 20:39:15.109293,2026-02-27 20:39:15.191155,-61650.000000000204
PAPER-1772204955,SENSEX 05MAR 81600 PE,"BB8, CBBR2",273.6,265.35,900,10,2026-02-27 20:39:15.850140,2026-02-27 20:39:16.017265,-74250.0
PAPER-1772204957,SENSEX 05MAR 81600 PE,"BB17, Green",240.4,324.6,900,10,2026-02-27 20:39:17.120662,2026-02-27 20:39:18.733796,757800.0000000002
PAPER-1772204958,SENSEX 05MAR 81600 PE,"BB1, BB2, BB5, BB8, Green",331.5,310.5,900,10,2026-02-27 20:39:18.915181,2026-02-27 20:39:19.554036,-189000.0
PAPER-1772204959,SENSEX 05MAR 81600 PE,CBBR2,310.5,340.6,900,10,2026-02-27 20:39:19.555390,2026-02-27 20:39:19.833881,270900.00000000023
PAPER-1772204959,SENSEX 05MAR 81600 PE,CBBR2,333.65,358.0,900,10,2026-02-27 20:39:19.929122,2026-02-27 20:39:20.977439,219150.0000000002
PAPER-1772204961,SENSEX 05MAR 81600 PE,NRCB,311.95,303.65,900,10,2026-02-27 20:39:21.851505,2026-02-27 20:39:22.150114,-74700.0000000001
PAPER-1772204963,SENSEX 05MAR 81600 PE,"BB12, BB17, CBB0, CBB1, CBB3, Green",344.2,330.3,900,10,2026-02-27 20:39:23.354393,2026-02-27 20:39:23.558797,-125099.9999999998
PAPER-1772204965,SENSEX 05MAR 81600 PE,"BB13, CBBR1, CBBR2, CBBR3, CBBR5, CBBR7, Green",387.65,424.65,900,10,2026-02-27 20:39:25.506642,2026-02-27 20:39:25.924950,333000.0
PAPER-1772204968,SENSEX 05MAR 81600 PE,"CBBR1, CBBR6",399.45,439.1,900,10,2026-02-27 20:39:28.165058,2026-02-27 20:39:29.347024,356850.0000000003
PAPER-1772204970,SENSEX 05MAR 81600 PE,"BB17, CBB0, CBB5, CBB7, Green",474.8,430.2,900,10,2026-02-27 20:39:30.755239,2026-02-27 20:39:31.084314,-401400.00000000023
PAPER-1772204973,SENSEX 05MAR 81600 PE,"BB1, BB9, BB17, Green",414.95,430.3,900,10,2026-02-27 20:39:33.298514,2026-02-27 20:39:34.775155,138150.0000000002
PAPER-1772204975,SENSEX 05MAR 81600 PE,"BB17, CBB0, CBB4, CBB8, Green",435.95,432.95,900,10,2026-02-27 20:39:35.572715,2026-02-27 20:39:35.921888,-27000.0
PAPER-1772204975,SENSEX 05MAR 81600 PE,"CBB0, CBB4, CBB8",450.0,409.7,900,10,2026-02-27 20:39:35.923353,2026-02-27 20:39:36.039224,-362700.0000000001
PAPER-1772204982,SENSEX 05MAR 81600 PE,"BB17, Green",201.8,200.0,900,10,2026-02-27 20:39:42.265789,2026-02-27 20:39:42.750886,-16200.000000000102
PAPER-1772204987,SENSEX 05MAR 81600 PE,"BB12, BB17, Green",179.35,175.0,900,10,2026-02-27 20:39:47.519643,2026-02-27 20:39:47.770127,-39149.99999999995
PAPER-1772204991,SENSEX 05MAR 81600 PE,"BB12, BB17, CBB0, CBB1, CBB3, Green",184.95,181.6,900,10,2026-02-27 20:39:51.487345,2026-02-27 20:39:52.416393,-30149.99999999995
PAPER-1772204992,SENSEX 05MAR 81600 PE,"BB12, CBBR2",183.9,179.8,900,10,2026-02-27 20:39:52.704611,2026-02-27 20:39:52.970369,-36899.99999999995
PAPER-1772204993,SENSEX 05MAR 81600 PE,"BB12, CBBR2, CBBR7",187.25,271.95,900,10,2026-02-27 20:39:53.502817,2026-02-27 20:39:54.839728,762299.9999999999
PAPER-1772204995,SENSEX 05MAR 81600 PE,"BB1, BB9, BB17, CBB0, CBB3, Green",292.75,306.35,900,10,2026-02-27 20:39:55.781028,2026-02-27 20:39:56.598636,122400.0000000002
PAPER-1772204997,SENSEX 05MAR 81600 PE,"BB8, CBBR2, CBBR7",299.9,322.25,900,10,2026-02-27 20:39:57.007417,2026-02-27 20:39:57.964534,201150.0000000002
PAPER-1772204999,SENSEX 05MAR 81600 PE,"CBB0, CBB3, CBB4",330.0,316.95,900,10,2026-02-27 20:39:59.465936,2026-02-27 20:39:59.604440,-117450.0000000001
PAPER-1772204999,SENSEX 05MAR 81600 PE,"CBB0, CBB3, CBB4",330.0,312.5,900,10,2026-02-27 20:39:59.606065,2026-02-27 20:39:59.744993,-157500.0
PAPER-1772204999,SENSEX 05MAR 81600 PE,"CBB0, CBB3, CBB4",330.0,312.1,900,10,2026-02-27 20:39:59.746364,2026-02-27 20:39:59.885344,-161099.9999999998
PAPER-1772204999,SENSEX 05MAR 81600 PE,"CBB0, CBB3, CBB4",330.0,310.65,900,10,2026-02-27 20:39:59.886740,2026-02-27 20:40:00.034752,-174150.0000000002
PAPER-1772205000,SENSEX 05MAR 81600 PE,"CBB0, CBB3, CBB4",330.0,304.8,900,10,2026-02-27 20:40:00.036817,2026-02-27 20:40:00.175800,-226799.99999999988
PAPER-1772205000,SENSEX 05MAR 81600 PE,"BB5, BB6, CBB0, CBB4",330.8,353.15,900,10,2026-02-27 20:40:00.868681,2026-02-27 20:40:01.149252,201149.99999999968
PAPER-1772205001,SENSEX 05MAR 81600 PE,"BB5, BB6, BB17, CBB0, CBB4, Green",364.0,340.0,900,10,2026-02-27 20:40:01.150688,2026-02-27 20:40:01.290931,-216000.0
PAPER-1772205001,SENSEX 05MAR 81600 PE,"BB5, BB6, CBB0, CBB4",364.0,330.7,900,10,2026-02-27 20:40:01.292339,2026-02-27 20:40:01.432508,-299700.0000000001
PAPER-1772205001,SENSEX 05MAR 81600 PE,"BB5, BB6, CBB0, CBB4",364.0,319.95,900,10,2026-02-27 20:40:01.433868,2026-02-27 20:40:01.572883,-396450.0000000001
PAPER-1772205002,SENSEX 05MAR 81600 PE,"BB13, CBBR1, CBBR2, CBBR5, CBBR7, Green",333.7,329.8,900,10,2026-02-27 20:40:02.683950,2026-02-27 20:40:03.244550,-35099.999999999796
PAPER-1772205004,SENSEX 05MAR 81600 PE,"CBBR2, CBBR3, CBBR6, CBBR7",325.0,355.7,900,10,2026-02-27 20:40:04.784284,2026-02-27 20:40:05.782149,276299.9999999999
PAPER-1772205010,SENSEX 05MAR 81600 PE,"BB13, Green",315.1,315.05,900,10,2026-02-27 20:40:10.081480,2026-02-27 20:40:10.377777,-450.0000000001023
PAPER-1772205010,SENSEX 05MAR 81600 PE,"BB13, CBBR2, CBBR5, CBBR7, Green",325.85,315.3,900,10,2026-02-27 20:40:10.379794,2026-02-27 20:40:10.671858,-94950.0000000001
PAPER-1772205014,SENSEX 05MAR 81600 PE,"BB1, BB9, BB17, Green",310.15,309.2,900,10,2026-02-27 20:40:14.018222,2026-02-27 20:40:14.906853,-8549.999999999898
PAPER-1772205018,SENSEX 05MAR 81600 PE,"BB1, BB2, BB5, BB10, BB12, CBB0, Green",287.7,275.05,900,10,2026-02-27 20:40:18.314238,2026-02-27 20:40:18.616560,-113849.9999999998
PAPER-1772205018,SENSEX 05MAR 81600 PE,"BB1, BB2, BB5, BB10, BB12, CBB0, Green",287.7,280.8,900,10,2026-02-27 20:40:18.618045,2026-02-27 20:40:18.769256,-62099.999999999796
PAPER-1772205018,SENSEX 05MAR 81600 PE,"BB1, BB2, BB5, BB10, BB12, CBB0, Green",287.7,278.45,900,10,2026-02-27 20:40:18.770638,2026-02-27 20:40:18.922555,-83250.0
PAPER-1772205018,SENSEX 05MAR 81600 PE,"NRCB, BB1, BB2, BB5, BB10, BB12, CBB0, CBB1, Green",290.0,272.5,900,10,2026-02-27 20:40:18.923939,2026-02-27 20:40:19.074530,-157500.0
PAPER-1772205022,SENSEX 05MAR 81600 PE,"NRCB, BB13, Green",231.45,252.85,900,10,2026-02-27 20:40:22.120029,2026-02-27 20:40:22.899709,192600.00000000006
PAPER-1772205026,SENSEX 05MAR 81600 PE,"BB12, BB17, CBB0, Green",228.3,220.55,900,10,2026-02-27 20:40:26.717204,2026-02-27 20:40:27.495386,-69750.0
PAPER-1772205029,SENSEX 05MAR 81600 PE,"BB1, BB12, BB17, CBB0, CBB1, CBB2, CBB6, CBB7, Green",248.3,230.65,900,10,2026-02-27 20:40:29.664187,2026-02-27 20:40:29.821101,-158850.00000000006
PAPER-1772205029,SENSEX 05MAR 81600 PE,"BB1, CBB0, CBB1, CBB2, CBB7",248.3,236.4,900,10,2026-02-27 20:40:29.822593,2026-02-27 20:40:29.981071,-107100.00000000006
PAPER-1772205029,SENSEX 05MAR 81600 PE,"BB1, CBB0, CBB1, CBB2, CBB7",248.3,232.4,900,10,2026-02-27 20:40:29.982453,2026-02-27 20:40:30.139015,-143100.00000000006
PAPER-1772205031,SENSEX 05MAR 81600 PE,"BB17, CBB0, CBB1, CBB3, CBB8, Green",239.95,260.0,900,10,2026-02-27 20:40:31.235560,2026-02-27 20:40:32.028327,180450.00000000012
PAPER-1772205036,SENSEX 05MAR 81600 PE,"BB13, Green",220.55,219.6,900,10,2026-02-27 20:40:36.147679,2026-02-27 20:40:36.635663,-8550.000000000153
PAPER-1772205036,SENSEX 05MAR 81600 PE,"NRCB, BB13, Green",225.25,285.3,900,10,2026-02-27 20:40:36.637148,2026-02-27 20:40:38.269313,540450.0000000001
PAPER-1772205040,SENSEX 05MAR 81600 PE,"BB1, Green",297.65,301.5,900,10,2026-02-27 20:40:40.206172,2026-02-27 20:40:41.029384,34650.000000000204
PAPER-1772205043,SENSEX 05MAR 81600 PE,"CBB0, CBB1, CBB4",302.9,289.4,900,10,2026-02-27 20:40:43.474170,2026-02-27 20:40:43.639309,-121500.0
PAPER-1772205043,SENSEX 05MAR 81600 PE,"CBB0, CBB1, CBB4",302.9,294.05,900,10,2026-02-27 20:40:43.640771,2026-02-27 20:40:43.806052,-79649.9999999997
PAPER-1772205043,SENSEX 05MAR 81600 PE,"CBB0, CBB1, CBB4",302.9,302.5,900,10,2026-02-27 20:40:43.807438,2026-02-27 20:40:44.138629,-3599.9999999997954
PAPER-1772205044,SENSEX 05MAR 81600 PE,"CBB0, CBB1, CBB4",309.6,339.25,900,10,2026-02-27 20:40:44.140053,2026-02-27 20:40:45.126377,266849.99999999977
PAPER-1772205047,SENSEX 05MAR 81600 PE,CBBR2,332.4,320.0,900,10,2026-02-27 20:40:47.599449,2026-02-27 20:40:47.766701,-111599.9999999998
PAPER-1772205047,SENSEX 05MAR 81600 PE,CBBR2,332.4,313.6,900,10,2026-02-27 20:40:47.768162,2026-02-27 20:40:47.934967,-169199.9999999996
PAPER-1772205047,SENSEX 05MAR 81600 PE,CBBR2,332.4,314.4,900,10,2026-02-27 20:40:47.936359,2026-02-27 20:40:48.104491,-162000.0
PAPER-1772205048,SENSEX 05MAR 81600 PE,CBBR2,332.4,315.05,900,10,2026-02-27 20:40:48.105873,2026-02-27 20:40:48.272947,-156149.99999999968
PAPER-1772205048,SENSEX 05MAR 81600 PE,CBBR2,332.4,324.55,900,10,2026-02-27 20:40:48.274359,2026-02-27 20:40:48.441613,-70649.9999999997
PAPER-1772205050,SENSEX 05MAR 81600 PE,"BB17, CBB0, CBB1, CBB4, CBB8, Green",342.3,340.1,900,10,2026-02-27 20:40:50.109018,2026-02-27 20:40:50.955628,-19799.999999999898
PAPER-1772205051,SENSEX 05MAR 81600 PE,"CBBR2, CBBR7",320.45,350.45,900,10,2026-02-27 20:40:51.794848,2026-02-27 20:40:53.651541,270000.0
PAPER-1772205057,SENSEX 05MAR 81600 PE,CBBR2,337.6,325.0,900,10,2026-02-27 20:40:57.773320,2026-02-27 20:40:58.976458,-113400.0000000002
PAPER-1772205060,SENSEX 05MAR 81600 PE,NRCB,341.2,334.35,900,10,2026-02-27 20:41:00.863727,2026-02-27 20:41:01.730486,-61649.999999999694
PAPER-1772205064,SENSEX 05MAR 81600 PE,NRCB,323.55,306.3,900,10,2026-02-27 20:41:04.159740,2026-02-27 20:41:05.209980,-155250.0
PAPER-1772205076,SENSEX 05MAR 81600 PE,"BB12, CBB0, CBB1, CBB4",351.6,336.5,900,10,2026-02-27 20:41:16.035618,2026-02-27 20:41:16.217397,-135900.0000000002
PAPER-1772205076,SENSEX 05MAR 81600 PE,"BB12, CBB0, CBB1, CBB4",351.6,343.6,900,10,2026-02-27 20:41:16.219780,2026-02-27 20:41:16.401427,-72000.0
PAPER-1772205076,SENSEX 05MAR 81600 PE,"BB12, CBB0, CBB1, CBB4",351.6,356.0,900,10,2026-02-27 20:41:16.403715,2026-02-27 20:41:16.950291,39599.999999999796
PAPER-1772205079,SENSEX 05MAR 81600 PE,"NRCB, BB8, BB12, CBBR3, Green",409.0,396.0,900,10,2026-02-27 20:41:19.850418,2026-02-27 20:41:20.033863,-117000.0
PAPER-1772205080,SENSEX 05MAR 81600 PE,"NRCB, BB8, BB12, CBBR3, Green",409.0,384.35,900,10,2026-02-27 20:41:20.035321,2026-02-27 20:41:20.219506,-221849.9999999998
PAPER-1772205080,SENSEX 05MAR 81600 PE,"NRCB, BB8, CBBR3, Green",409.0,361.5,900,10,2026-02-27 20:41:20.220922,2026-02-27 20:41:20.404722,-427500.0
PAPER-1772205080,SENSEX 05MAR 81600 PE,"NRCB, BB8, CBBR3, Green",409.0,372.05,900,10,2026-02-27 20:41:20.406098,2026-02-27 20:41:20.589893,-332549.9999999999
PAPER-1772205082,SENSEX 05MAR 81600 PE,"BB1, BB2, BB3, BB4, BB5, BB6, BB7, BB9, BB10, BB11, CBB0, CBB6",403.3,384.95,900,10,2026-02-27 20:41:22.230345,2026-02-27 20:41:22.596278,-165150.0000000002
PAPER-1772205087,SENSEX 05MAR 81600 PE,CBBR3,460.95,448.0,900,10,2026-02-27 20:41:27.190922,2026-02-27 20:41:27.565503,-116549.9999999999
PAPER-1772205087,SENSEX 05MAR 81600 PE,CBBR3,464.45,468.0,900,10,2026-02-27 20:41:27.567976,2026-02-27 20:41:28.312528,31950.000000000102
PAPER-1772205089,SENSEX 05MAR 81600 PE,CBBR2,434.85,421.75,900,10,2026-02-27 20:41:29.800013,2026-02-27 20:41:29.988121,-117900.0000000002
PAPER-1772205089,SENSEX 05MAR 81600 PE,CBBR2,434.85,406.0,900,10,2026-02-27 20:41:29.990539,2026-02-27 20:41:30.179475,-259650.0000000002
PAPER-1772205090,SENSEX 05MAR 81600 PE,CBBR2,434.85,416.85,900,10,2026-02-27 20:41:30.181363,2026-02-27 20:41:30.369997,-162000.0
PAPER-1772205090,SENSEX 05MAR 81600 PE,CBBR2,434.85,420.6,900,10,2026-02-27 20:41:30.371377,2026-02-27 20:41:30.560053,-128250.0
PAPER-1772205090,SENSEX 05MAR 81600 PE,CBBR2,434.85,408.8,900,10,2026-02-27 20:41:30.561403,2026-02-27 20:41:30.751998,-234450.00000000012
PAPER-1772205091,SENSEX 05MAR 81600 PE,CBBR6,432.3,428.55,900,10,2026-02-27 20:41:31.899033,2026-02-27 20:41:33.032552,-33750.0
PAPER-1772205094,SENSEX 05MAR 81600 PE,"BB12, CBB0, CBB3",450.65,441.15,900,10,2026-02-27 20:41:34.348398,2026-02-27 20:41:35.665619,-85500.0
PAPER-1772205096,SENSEX 05MAR 81600 PE,CBBR2,424.4,415.15,900,10,2026-02-27 20:41:36.423901,2026-02-27 20:41:36.806128,-83250.0
PAPER-1772205096,SENSEX 05MAR 81600 PE,CBBR2,425.25,412.25,900,10,2026-02-27 20:41:36.807587,2026-02-27 20:41:36.998347,-117000.0
PAPER-1772205096,SENSEX 05MAR 81600 PE,CBBR2,425.25,402.2,900,10,2026-02-27 20:41:36.999707,2026-02-27 20:41:37.190429,-207450.00000000012
PAPER-1772205097,SENSEX 05MAR 81600 PE,CBBR2,425.25,412.0,900,10,2026-02-27 20:41:37.191858,2026-02-27 20:41:37.382507,-119250.0
PAPER-1772205099,SENSEX 05MAR 81600 PE,"BB6, BB11, BB12, CBB0, CBB4",426.8,415.55,900,10,2026-02-27 20:41:39.850622,2026-02-27 20:41:40.042205,-101250.0
PAPER-1772205100,SENSEX 05MAR 81600 PE,"BB6, BB11, CBB0, CBB4",426.8,470.0,900,10,2026-02-27 20:41:40.044749,2026-02-27 20:41:41.780279,388799.9999999999
PAPER-1772205101,SENSEX 05MAR 81600 PE,"BB8, BB9, BB10, BB11, BB12, CBB0, CBB1, CBB3, Green",473.2,468.05,900,10,2026-02-27 20:41:41.781708,2026-02-27 20:41:43.128385,-46349.999999999796
PAPER-1772205107,SENSEX 05MAR 81600 PE,"BB13, Green",446.25,453.05,900,10,2026-02-27 20:41:47.949018,2026-02-27 20:41:49.124541,61200.0000000001
PAPER-1772205112,SENSEX 05MAR 81600 PE,"BB8, CBBR2",455.8,444.4,900,10,2026-02-27 20:41:52.857645,2026-02-27 20:41:53.252231,-102600.0000000003
PAPER-1772205113,SENSEX 05MAR 81600 PE,"BB8, CBBR2",458.25,461.25,900,10,2026-02-27 20:41:53.253698,2026-02-27 20:41:56.022067,27000.0
PAPER-1772205117,SENSEX 05MAR 81600 PE,"BB11, CBB0, CBB8",491.35,477.0,900,10,2026-02-27 20:41:57.996673,2026-02-27 20:41:58.394038,-129150.0000000002
PAPER-1772205118,SENSEX 05MAR 81600 PE,"BB11, CBB0, CBB8",493.75,474.55,900,10,2026-02-27 20:41:58.596736,2026-02-27 20:41:58.993552,-172799.99999999988
PAPER-1772205120,SENSEX 05MAR 81600 PE,CBBR2,475.0,464.3,900,10,2026-02-27 20:42:00.784016,2026-02-27 20:42:00.984581,-96299.9999999999
PAPER-1772205120,SENSEX 05MAR 81600 PE,CBBR2,477.1,462.35,900,10,2026-02-27 20:42:00.986137,2026-02-27 20:42:01.187432,-132750.0
PAPER-1772205121,SENSEX 05MAR 81600 PE,CBBR2,477.1,466.75,900,10,2026-02-27 20:42:01.188779,2026-02-27 20:42:01.389469,-93150.0000000002
PAPER-1772205121,SENSEX 05MAR 81600 PE,CBBR2,477.1,463.7,900,10,2026-02-27 20:42:01.390761,2026-02-27 20:42:01.792887,-120600.0000000003
PAPER-1772205125,SENSEX 05MAR 81600 PE,"CBBR2, CBBR7",470.1,451.75,900,10,2026-02-27 20:42:05.590946,2026-02-27 20:42:05.992905,-165150.0000000002
PAPER-1772205132,SENSEX 05MAR 81600 PE,"NRCB, BB11, BB12, CBB0, CBB4",413.0,383.95,900,10,2026-02-27 20:42:12.080004,2026-02-27 20:42:12.491411,-261450.00000000012
PAPER-1772205132,SENSEX 05MAR 81600 PE,"NRCB, BB11, BB12",413.0,382.8,900,10,2026-02-27 20:42:12.492889,2026-02-27 20:42:12.718574,-271799.9999999999
PAPER-1772205132,SENSEX 05MAR 81600 PE,"NRCB, BB11, BB12",413.0,381.5,900,10,2026-02-27 20:42:12.719895,2026-02-27 20:42:12.925121,-283500.0
PAPER-1772205134,SENSEX 05MAR 81600 PE,"BB11, BB12, CBB0, Green",407.65,397.35,900,10,2026-02-27 20:42:14.352028,2026-02-27 20:42:14.970561,-92699.99999999959
PAPER-1772205140,SENSEX 05MAR 81600 PE,"BB11, CBB0, CBB8",455.45,437.05,900,10,2026-02-27 20:42:20.106489,2026-02-27 20:42:20.732906,-165599.9999999998
PAPER-1772205140,SENSEX 05MAR 81600 PE,"BB11, CBB0, CBB1, CBB4, CBB8",461.8,436.15,900,10,2026-02-27 20:42:20.734922,2026-02-27 20:42:20.944197,-230850.00000000032
PAPER-1772205140,SENSEX 05MAR 81600 PE,"BB11, CBB0, CBB1, CBB4, CBB8",461.8,429.8,900,10,2026-02-27 20:42:20.945673,2026-02-27 20:42:21.154492,-288000.0
PAPER-1772205143,SENSEX 05MAR 81600 PE,"NRCB, BB12, CBBR3",550.0,534.7,900,10,2026-02-27 20:42:23.237325,2026-02-27 20:42:23.452240,-137699.9999999996
PAPER-1772205143,SENSEX 05MAR 81600 PE,"NRCB, CBBR3",584.5,578.65,900,10,2026-02-27 20:42:23.453684,2026-02-27 20:42:23.666535,-52650.000000000204
PAPER-1772205143,SENSEX 05MAR 81600 PE,"NRCB, BB12, CBBR3",600.0,725.85,900,10,2026-02-27 20:42:23.667918,2026-02-27 20:42:24.718193,1132650.0000000002
PAPER-1772205150,SENSEX 05MAR 81700 CE,"BB13, Green",1100.1,1020.0,900,10,2026-02-27 20:42:30.065801,2026-02-27 20:42:30.115032,-720899.9999999992
PAPER-1772205150,SENSEX 05MAR 81700 CE,"BB17, Green",1070.45,1045.0,900,10,2026-02-27 20:42:30.775461,2026-02-27 20:42:31.225791,-229050.0000000004
PAPER-1772205151,SENSEX 05MAR 81700 CE,"BB17, Green",1069.85,1042.8,900,10,2026-02-27 20:42:31.382192,2026-02-27 20:42:31.433493,-243449.9999999996
PAPER-1772205151,SENSEX 05MAR 81700 CE,"BB12, BB17, Green",1160.8,1158.95,900,10,2026-02-27 20:42:31.796763,2026-02-27 20:42:32.007807,-16649.99999999918
PAPER-1772205153,SENSEX 05MAR 81700 CE,"BB13, Green",1090.0,1056.0,900,10,2026-02-27 20:42:33.160823,2026-02-27 20:42:33.275787,-306000.0
PAPER-1772205153,SENSEX 05MAR 81700 CE,"BB17, Green",1056.7,1135.1,900,10,2026-02-27 20:42:33.681677,2026-02-27 20:42:34.155244,705599.9999999987
PAPER-1772205154,SENSEX 05MAR 81700 CE,"BB17, Green",969.0,940.0,900,10,2026-02-27 20:42:34.701604,2026-02-27 20:42:34.763776,-261000.0
PAPER-1772205156,SENSEX 05MAR 81700 CE,"BB12, BB17, Green",900.05,875.5,900,10,2026-02-27 20:42:36.889244,2026-02-27 20:42:37.488258,-220949.9999999996
PAPER-1772205158,SENSEX 05MAR 81700 CE,"CBBR1, CBBR2, CBBR3, CBBR6, CBBR7",890.7,870.0,900,10,2026-02-27 20:42:38.026287,2026-02-27 20:42:38.229048,-186300.0000000004
PAPER-1772205159,SENSEX 05MAR 81700 CE,CBBR2,860.0,852.55,900,10,2026-02-27 20:42:39.048439,2026-02-27 20:42:39.470748,-67050.00000000041
PAPER-1772205159,SENSEX 05MAR 81700 CE,"BB12, CBBR3, CBBR4",884.75,859.8,900,10,2026-02-27 20:42:39.542757,2026-02-27 20:42:39.614044,-224550.0000000004
PAPER-1772205159,SENSEX 05MAR 81700 CE,"BB12, CBBR3, CBBR4",884.75,859.55,900,10,2026-02-27 20:42:39.615447,2026-02-27 20:42:39.973774,-226800.0000000004
PAPER-1772205160,SENSEX 05MAR 81700 CE,"NRCB, BB5, CBB0, CBB4, Green",882.35,881.75,900,10,2026-02-27 20:42:40.688164,2026-02-27 20:42:41.055283,-5400.000000000205
PAPER-1772205161,SENSEX 05MAR 81700 CE,"BB17, CBB0, CBB8, Green",870.1,960.9,900,10,2026-02-27 20:42:41.493318,2026-02-27 20:42:42.160240,817199.9999999995
PAPER-1772205163,SENSEX 05MAR 81700 CE,"BB1, BB17, CBB0, CBB4, Green",990.0,935.0,900,10,2026-02-27 20:42:43.390022,2026-02-27 20:42:43.467422,-495000.0
PAPER-1772205163,SENSEX 05MAR 81700 CE,"BB1, CBB0, CBB4",990.0,950.0,900,10,2026-02-27 20:42:43.468870,2026-02-27 20:42:43.546286,-360000.0
PAPER-1772205163,SENSEX 05MAR 81700 CE,"BB1, CBB0, CBB4",990.0,965.0,900,10,2026-02-27 20:42:43.547649,2026-02-27 20:42:43.624992,-225000.0
PAPER-1772205164,SENSEX 05MAR 81700 CE,"CBBR2, CBBR7",955.35,724.25,900,10,2026-02-27 20:42:44.239935,2026-02-27 20:42:45.032070,-2079900.0
PAPER-1772205166,SENSEX 05MAR 81700 CE,"BB15, Green",705.0,687.3,900,10,2026-02-27 20:42:46.934849,2026-02-27 20:42:47.016003,-159300.0000000004
PAPER-1772205171,SENSEX 05MAR 81700 CE,"BB12, BB17, Green",640.7,626.7,900,10,2026-02-27 20:42:51.301878,2026-02-27 20:42:51.387575,-126000.0
PAPER-1772205174,SENSEX 05MAR 81700 CE,"BB12, CBB0, CBB1, CBB4",625.0,609.65,900,10,2026-02-27 20:42:54.166008,2026-02-27 20:42:54.255008,-138150.0000000002
PAPER-1772205174,SENSEX 05MAR 81700 CE,"BB12, CBB0, CBB1, CBB4",625.0,621.95,900,10,2026-02-27 20:42:54.257196,2026-02-27 20:42:54.613392,-27449.999999999593
PAPER-1772205177,SENSEX 05MAR 81700 CE,"NRCB, BB12",581.35,579.35,900,10,2026-02-27 20:42:57.736104,2026-02-27 20:42:58.564262,-18000.0
PAPER-1772205178,SENSEX 05MAR 81700 CE,"BB12, CBB0, CBB1, CBB4",599.0,596.15,900,10,2026-02-27 20:42:58.931241,2026-02-27 20:42:59.483626,-25650.000000000204
PAPER-1772205181,SENSEX 05MAR 81700 CE,"NRCB, BB12, CBBR3, CBBR6",583.0,567.65,900,10,2026-02-27 20:43:01.748863,2026-02-27 20:43:01.845083,-138150.0000000002
PAPER-1772205181,SENSEX 05MAR 81700 CE,"NRCB, CBBR3, CBBR6",584.7,570.25,900,10,2026-02-27 20:43:01.847555,2026-02-27 20:43:01.942995,-130050.00000000041
PAPER-1772205183,SENSEX 05MAR 81700 CE,CBBR6,562.7,536.35,900,10,2026-02-27 20:43:03.464541,2026-02-27 20:43:03.560846,-237150.0000000002
PAPER-1772205185,SENSEX 05MAR 81700 CE,"CBBR3, CBBR6",555.0,539.4,900,10,2026-02-27 20:43:05.494020,2026-02-27 20:43:06.379838,-140400.0000000002
PAPER-1772205187,SENSEX 05MAR 81700 CE,CBBR6,547.75,534.7,900,10,2026-02-27 20:43:07.272888,2026-02-27 20:43:08.176568,-117449.99999999959
PAPER-1772205190,SENSEX 05MAR 81700 CE,"BB12, BB13, CBBR3, CBBR5, Green",615.35,602.45,900,10,2026-02-27 20:43:10.288382,2026-02-27 20:43:10.495825,-116099.9999999998
PAPER-1772205190,SENSEX 05MAR 81700 CE,"NRCB, BB12, BB13, CBBR3, CBBR5, Green",616.4,584.2,900,10,2026-02-27 20:43:10.497309,2026-02-27 20:43:11.015528,-289799.99999999936
PAPER-1772205191,SENSEX 05MAR 81700 CE,"BB6, BB11, CBB0, CBB6",607.1,591.3,900,10,2026-02-27 20:43:11.860880,2026-02-27 20:43:11.963979,-142200.0000000006
PAPER-1772205196,SENSEX 05MAR 81700 CE,"BB11, BB12, CBB0, CBB1, CBB2, CBB6, CBB7, Green",543.0,531.35,900,10,2026-02-27 20:43:16.026806,2026-02-27 20:43:16.244059,-104849.9999999998
PAPER-1772205196,SENSEX 05MAR 81700 CE,"BB11, CBB0, CBB1, CBB2, CBB7, Green",543.0,527.4,900,10,2026-02-27 20:43:16.245957,2026-02-27 20:43:16.571778,-140400.0000000002
PAPER-1772205202,SENSEX 05MAR 81700 PE,"BB17, Green",351.45,344.25,900,10,2026-02-27 20:43:22.893297,2026-02-27 20:43:22.942846,-64799.9999999999
PAPER-1772205202,SENSEX 05MAR 81700 PE,"BB17, Green",351.45,343.7,900,10,2026-02-27 20:43:22.944324,2026-02-27 20:43:23.041697,-69750.0
PAPER-1772205203,SENSEX 05MAR 81700 PE,"BB17, Green",347.8,338.45,900,10,2026-02-27 20:43:23.724488,2026-02-27 20:43:23.773199,-84150.0000000002
PAPER-1772205204,SENSEX 05MAR 81700 PE,"BB12, BB17, Green",328.4,322.45,900,10,2026-02-27 20:43:24.993176,2026-02-27 20:43:25.257661,-53549.9999999999
PAPER-1772205206,SENSEX 05MAR 81700 PE,"BB12, BB17, Green",306.7,305.6,900,10,2026-02-27 20:43:26.251439,2026-02-27 20:43:26.432596,-9899.999999999693
PAPER-1772205206,SENSEX 05MAR 81700 PE,"BB12, CBB0, CBB4, CBB8",321.75,308.05,900,10,2026-02-27 20:43:26.434033,2026-02-27 20:43:26.514598,-123299.9999999999
PAPER-1772205206,SENSEX 05MAR 81700 PE,"BB12, CBB0, CBB4, CBB8",321.75,309.55,900,10,2026-02-27 20:43:26.516027,2026-02-27 20:43:26.573948,-109799.9999999999
PAPER-1772205207,SENSEX 05MAR 81700 PE,"BB1, BB12, CBB0, CBB8",318.9,363.7,900,10,2026-02-27 20:43:27.036917,2026-02-27 20:43:27.628228,403200.0000000001
PAPER-1772205208,SENSEX 05MAR 81700 PE,"BB1, BB2, BB5, BB17, Green",363.0,349.45,900,10,2026-02-27 20:43:28.834641,2026-02-27 20:43:28.896515,-121950.0000000001
PAPER-1772205209,SENSEX 05MAR 81700 PE,"BB17, CBB0, Green",355.45,331.3,900,10,2026-02-27 20:43:29.209212,2026-02-27 20:43:29.397934,-217349.9999999998
PAPER-1772205210,SENSEX 05MAR 81700 PE,"BB12, BB17, Green",327.85,320.55,900,10,2026-02-27 20:43:30.418218,2026-02-27 20:43:30.747639,-65700.0000000001
PAPER-1772205211,SENSEX 05MAR 81700 PE,"BB5, BB12, BB17, CBB0, CBB1, CBB3, Green",344.15,340.2,900,10,2026-02-27 20:43:31.625003,2026-02-27 20:43:32.113893,-35549.9999999999
PAPER-1772205212,SENSEX 05MAR 81700 PE,"BB8, Green",367.0,352.95,900,10,2026-02-27 20:43:32.115355,2026-02-27 20:43:32.186196,-126450.0000000001
PAPER-1772205212,SENSEX 05MAR 81700 PE,"BB8, CBB0, Green",367.0,352.95,900,10,2026-02-27 20:43:32.187566,2026-02-27 20:43:32.259022,-126450.0000000001
PAPER-1772205212,SENSEX 05MAR 81700 PE,"BB8, CBB0, Green",367.0,358.8,900,10,2026-02-27 20:43:32.260395,2026-02-27 20:43:32.331453,-73799.9999999999
PAPER-1772205212,SENSEX 05MAR 81700 PE,"BB13, Green",241.75,233.75,900,10,2026-02-27 20:43:32.973903,2026-02-27 20:43:33.047154,-72000.0
PAPER-1772205213,SENSEX 05MAR 81700 PE,"BB13, Green",241.75,230.9,900,10,2026-02-27 20:43:33.048597,2026-02-27 20:43:33.123957,-97649.99999999994
PAPER-1772205215,SENSEX 05MAR 81700 PE,"BB12, BB17, Green",266.45,279.25,900,10,2026-02-27 20:43:35.127741,2026-02-27 20:43:35.664042,115200.0000000001
PAPER-1772205217,SENSEX 05MAR 81700 PE,"BB12, CBB0, CBB4",285.0,284.5,900,10,2026-02-27 20:43:37.142583,2026-02-27 20:43:37.302515,-4500.0
PAPER-1772205217,SENSEX 05MAR 81700 PE,"BB17, Green",274.2,266.95,900,10,2026-02-27 20:43:37.872203,2026-02-27 20:43:37.953824,-65250.0
PAPER-1772205218,SENSEX 05MAR 81700 PE,"CBBR2, CBBR6, CBBR7",274.0,279.2,900,10,2026-02-27 20:43:38.447822,2026-02-27 20:43:38.615053,46799.9999999999
PAPER-1772205219,SENSEX 05MAR 81700 PE,"BB17, Green",277.2,273.2,900,10,2026-02-27 20:43:39.036280,2026-02-27 20:43:39.726329,-36000.0
PAPER-1772205220,SENSEX 05MAR 81700 PE,"BB8, BB12, BB17, CBB0, Green",291.5,290.65,900,10,2026-02-27 20:43:40.079159,2026-02-27 20:43:40.257081,-7650.000000000205
PAPER-1772205221,SENSEX 05MAR 81700 PE,"NRCB, BB1, BB17, Green",255.2,345.6,900,10,2026-02-27 20:43:41.347713,2026-02-27 20:43:43.657238,813600.0000000003
PAPER-1772205223,SENSEX 05MAR 81700 PE,"CBBR2, CBBR7",367.1,348.5,900,10,2026-02-27 20:43:43.854710,2026-02-27 20:43:44.051450,-167400.0000000002
PAPER-1772205224,SENSEX 05MAR 81700 PE,CBBR2,350.0,340.0,900,10,2026-02-27 20:43:44.345198,2026-02-27 20:43:44.545361,-90000.0
PAPER-1772205224,SENSEX 05MAR 81700 PE,CBBR2,350.0,379.15,900,10,2026-02-27 20:43:44.546774,2026-02-27 20:43:44.940951,262349.99999999977
PAPER-1772205225,SENSEX 05MAR 81700 PE,"BB17, CBB0, Green",368.6,354.85,900,10,2026-02-27 20:43:45.438537,2026-02-27 20:43:45.842438,-123750.0
PAPER-1772205225,SENSEX 05MAR 81700 PE,CBBR2,362.0,348.25,900,10,2026-02-27 20:43:45.843913,2026-02-27 20:43:46.047030,-123750.0
PAPER-1772205226,SENSEX 05MAR 81700 PE,"BB17, Green",358.65,350.75,900,10,2026-02-27 20:43:46.651576,2026-02-27 20:43:46.752792,-71099.9999999998
PAPER-1772205226,SENSEX 05MAR 81700 PE,"BB9, CBB0, CBB1, CBB3",380.25,372.7,900,10,2026-02-27 20:43:46.956939,2026-02-27 20:43:47.873507,-67950.0000000001
PAPER-1772205228,SENSEX 05MAR 81700 PE,"BB8, CBBR2, CBBR7",366.45,350.0,900,10,2026-02-27 20:43:48.182397,2026-02-27 20:43:48.391063,-148049.99999999988
PAPER-1772205228,SENSEX 05MAR 81700 PE,"BB8, CBBR2, CBBR7",369.4,345.55,900,10,2026-02-27 20:43:48.392470,2026-02-27 20:43:48.496042,-214649.99999999968
PAPER-1772205228,SENSEX 05MAR 81700 PE,NRCB,337.65,326.0,900,10,2026-02-27 20:43:48.910534,2026-02-27 20:43:49.228924,-104849.9999999998
PAPER-1772205229,SENSEX 05MAR 81700 PE,NRCB,329.05,321.3,900,10,2026-02-27 20:43:49.542599,2026-02-27 20:43:49.855974,-69750.0
PAPER-1772205230,SENSEX 05MAR 81700 PE,"BB12, CBB0, CBB1, CBB3",335.5,324.9,900,10,2026-02-27 20:43:50.172485,2026-02-27 20:43:50.385671,-95400.0000000002
PAPER-1772205230,SENSEX 05MAR 81700 PE,"BB17, CBB0, CBB1, CBB3, Green",335.5,320.0,900,10,2026-02-27 20:43:50.387053,2026-02-27 20:43:50.493345,-139500.0
PAPER-1772205230,SENSEX 05MAR 81700 PE,"BB5, BB12, BB17, Green",341.6,367.9,900,10,2026-02-27 20:43:50.815242,2026-02-27 20:43:51.890825,236699.9999999996
PAPER-1772205232,SENSEX 05MAR 81700 PE,"BB8, BB12, CBB0, CBB4, Green",381.8,366.15,900,10,2026-02-27 20:43:52.112612,2026-02-27 20:43:52.222200,-140850.00000000032
PAPER-1772205232,SENSEX 05MAR 81700 PE,"BB8, BB12, CBB0, CBB4, Green",381.8,369.55,900,10,2026-02-27 20:43:52.223579,2026-02-27 20:43:52.355601,-110250.0
PAPER-1772205232,SENSEX 05MAR 81700 PE,"BB8, BB12, CBB0, CBB4, Green",381.8,408.05,900,10,2026-02-27 20:43:52.356973,2026-02-27 20:43:53.009416,236250.0
PAPER-1772205233,SENSEX 05MAR 81700 PE,"BB1, CBB0, CBB8",405.95,453.65,900,10,2026-02-27 20:43:53.993011,2026-02-27 20:43:55.315113,429299.9999999999
PAPER-1772205236,SENSEX 05MAR 81700 PE,"BB8, CBBR2",427.65,415.9,900,10,2026-02-27 20:43:56.099500,2026-02-27 20:43:56.553582,-105750.0
PAPER-1772205236,SENSEX 05MAR 81700 PE,"CBBR3, CBBR6",430.0,467.0,900,10,2026-02-27 20:43:56.782739,2026-02-27 20:43:57.357651,333000.0
PAPER-1772205237,SENSEX 05MAR 81700 PE,"BB12, CBB0, CBB1, CBB3",474.95,530.65,900,10,2026-02-27 20:43:57.363421,2026-02-27 20:43:57.935609,501299.9999999999
PAPER-1772205239,SENSEX 05MAR 81700 PE,"BB9, CBB0, CBB6",514.7,500.1,900,10,2026-02-27 20:43:59.089369,2026-02-27 20:43:59.435904,-131400.0000000002
PAPER-1772205240,SENSEX 05MAR 81700 PE,"BB1, BB8, BB9, BB17, Green",488.0,464.0,900,10,2026-02-27 20:44:00.486983,2026-02-27 20:44:00.721588,-216000.0
PAPER-1772205240,SENSEX 05MAR 81700 PE,"BB1, BB8, BB9, BB17, Green",488.0,454.4,900,10,2026-02-27 20:44:00.723042,2026-02-27 20:44:00.842255,-302400.00000000023
PAPER-1772205240,SENSEX 05MAR 81700 PE,"BB1, BB8, BB9, BB17, Green",488.0,424.7,900,10,2026-02-27 20:44:00.843587,2026-02-27 20:44:00.962713,-569700.0000000001
PAPER-1772205242,SENSEX 05MAR 81700 PE,"CBB0, CBB4",475.25,457.7,900,10,2026-02-27 20:44:02.025504,2026-02-27 20:44:02.145168,-157950.00000000012
PAPER-1772205242,SENSEX 05MAR 81700 PE,"BB12, BB13, CBB0, Green",460.1,459.9,900,10,2026-02-27 20:44:02.621537,2026-02-27 20:44:02.981897,-1800.0000000004093
PAPER-1772205243,SENSEX 05MAR 81700 PE,"BB12, CBB0, CBB3",481.75,467.55,900,10,2026-02-27 20:44:03.823801,2026-02-27 20:44:03.945884,-127799.9999999999
PAPER-1772205243,SENSEX 05MAR 81700 PE,"CBB0, CBB3",481.75,468.9,900,10,2026-02-27 20:44:03.947224,2026-02-27 20:44:04.069567,-115650.0000000002
PAPER-1772205244,SENSEX 05MAR 81700 PE,"BB12, CBB0, CBB3",481.75,441.1,900,10,2026-02-27 20:44:04.070913,2026-02-27 20:44:04.318286,-365849.99999999977
PAPER-1772205251,SENSEX 05MAR 81700 PE,"BB17, Green",223.3,210.75,900,10,2026-02-27 20:44:11.339982,2026-02-27 20:44:11.849811,-112950.0000000001
PAPER-1772205254,SENSEX 05MAR 81700 PE,"BB13, Green",186.75,182.85,900,10,2026-02-27 20:44:14.676907,2026-02-27 20:44:15.720409,-35100.00000000005
PAPER-1772205257,SENSEX 05MAR 81700 PE,"BB12, BB17, Green",196.3,191.0,900,10,2026-02-27 20:44:17.039326,2026-02-27 20:44:17.598889,-47700.0000000001
PAPER-1772205260,SENSEX 05MAR 81700 PE,"BB12, CBB0, CBB4",199.35,192.55,900,10,2026-02-27 20:44:20.273629,2026-02-27 20:44:20.822912,-61199.99999999985
PAPER-1772205261,SENSEX 05MAR 81700 PE,"BB17, CBB0, CBB4, Green",202.75,201.0,900,10,2026-02-27 20:44:21.915453,2026-02-27 20:44:22.330493,-15750.0
PAPER-1772205263,SENSEX 05MAR 81700 PE,CBBR2,199.9,195.75,900,10,2026-02-27 20:44:23.020048,2026-02-27 20:44:23.434409,-37350.00000000005
PAPER-1772205264,SENSEX 05MAR 81700 PE,"BB12, BB17, CBB0, Green",207.75,282.55,900,10,2026-02-27 20:44:24.417244,2026-02-27 20:44:25.539906,673200.0000000001
PAPER-1772205268,SENSEX 05MAR 81700 PE,"BB6, CBB0, CBB3, CBB8",365.0,357.05,900,10,2026-02-27 20:44:28.085973,2026-02-27 20:44:28.657996,-71549.9999999999
PAPER-1772205268,SENSEX 05MAR 81700 PE,"BB6, CBB0, CBB3, CBB8",371.7,360.4,900,10,2026-02-27 20:44:28.659482,2026-02-27 20:44:28.802765,-101700.0000000001
PAPER-1772205270,SENSEX 05MAR 81700 PE,"CBB0, CBB4",356.15,347.4,900,10,2026-02-27 20:44:30.228457,2026-02-27 20:44:30.373253,-78750.0
PAPER-1772205270,SENSEX 05MAR 81700 PE,"CBB0, CBB4",356.15,340.0,900,10,2026-02-27 20:44:30.374641,2026-02-27 20:44:30.518342,-145349.9999999998
PAPER-1772205270,SENSEX 05MAR 81700 PE,"CBB0, CBB4",356.15,339.7,900,10,2026-02-27 20:44:30.519641,2026-02-27 20:44:30.663965,-148049.99999999988
PAPER-1772205270,SENSEX 05MAR 81700 PE,"CBB0, CBB4",356.15,335.0,900,10,2026-02-27 20:44:30.665281,2026-02-27 20:44:30.810277,-190349.9999999998
PAPER-1772205270,SENSEX 05MAR 81700 PE,"CBB0, CBB4",356.15,332.25,900,10,2026-02-27 20:44:30.811678,2026-02-27 20:44:30.956468,-215099.9999999998
PAPER-1772205273,SENSEX 05MAR 81700 PE,"CBB0, CBB8",360.0,348.95,900,10,2026-02-27 20:44:33.006067,2026-02-27 20:44:33.152115,-99450.0000000001
PAPER-1772205273,SENSEX 05MAR 81700 PE,"CBB0, CBB8",360.0,348.2,900,10,2026-02-27 20:44:33.153635,2026-02-27 20:44:33.300202,-106200.0000000001
PAPER-1772205273,SENSEX 05MAR 81700 PE,"CBB0, CBB8",360.0,344.05,900,10,2026-02-27 20:44:33.301576,2026-02-27 20:44:33.448371,-143549.99999999988
PAPER-1772205273,SENSEX 05MAR 81700 PE,"CBB0, CBB8",360.0,353.45,900,10,2026-02-27 20:44:33.449719,2026-02-27 20:44:34.765885,-58950.0000000001
PAPER-1772205274,SENSEX 05MAR 81700 PE,"CBB0, CBB1, CBB3",375.4,347.95,900,10,2026-02-27 20:44:34.767316,2026-02-27 20:44:34.914256,-247049.99999999988
PAPER-1772205276,SENSEX 05MAR 81700 PE,"BB1, BB2, BB3, BB4, BB5, BB6, BB7, BB9, BB12, CBB0, CBB1, CBB2, CBB6, CBB7",384.3,363.35,900,10,2026-02-27 20:44:36.384223,2026-02-27 20:44:36.830363,-188549.99999999988
PAPER-1772205277,SENSEX 05MAR 81700 PE,CBBR2,361.35,350.0,900,10,2026-02-27 20:44:37.277052,2026-02-27 20:44:37.426895,-102150.0000000002
PAPER-1772205277,SENSEX 05MAR 81700 PE,CBBR2,361.35,339.2,900,10,2026-02-27 20:44:37.428270,2026-02-27 20:44:37.579256,-199350.00000000032
PAPER-1772205277,SENSEX 05MAR 81700 PE,CBBR2,361.35,331.0,900,10,2026-02-27 20:44:37.580556,2026-02-27 20:44:37.730708,-273150.00000000023
PAPER-1772205277,SENSEX 05MAR 81700 PE,CBBR2,361.35,335.45,900,10,2026-02-27 20:44:37.731990,2026-02-27 20:44:37.881596,-233100.00000000032
PAPER-1772205278,SENSEX 05MAR 81700 PE,"BB12, CBB0, CBB4",356.2,341.2,900,10,2026-02-27 20:44:38.926896,2026-02-27 20:44:39.077981,-135000.0
PAPER-1772205279,SENSEX 05MAR 81700 PE,"CBB0, CBB4, CBBR1, CBBR2, CBBR3, CBBR7",356.2,341.35,900,10,2026-02-27 20:44:39.079363,2026-02-27 20:44:39.230770,-133649.99999999968
PAPER-1772205279,SENSEX 05MAR 81700 PE,"CBB0, CBB4, CBBR1, CBBR2, CBBR3, CBBR7",356.2,340.0,900,10,2026-02-27 20:44:39.232080,2026-02-27 20:44:39.383012,-145799.99999999988
PAPER-1772205279,SENSEX 05MAR 81700 PE,"CBB0, CBB4, CBBR1, CBBR2, CBBR3, CBBR7",356.2,329.05,900,10,2026-02-27 20:44:39.384349,2026-02-27 20:44:39.535322,-244349.9999999998
PAPER-1772205280,SENSEX 05MAR 81700 PE,"BB12, CBB0, CBB4",355.0,345.0,900,10,2026-02-27 20:44:40.588362,2026-02-27 20:44:40.738974,-90000.0
PAPER-1772205280,SENSEX 05MAR 81700 PE,"BB8, BB9, BB12, BB17, CBB0, CBB1, CBB3, Green",360.0,365.75,900,10,2026-02-27 20:44:40.892263,2026-02-27 20:44:41.959465,51750.0
PAPER-1772205284,SENSEX 05MAR 81700 PE,"BB1, BB2, BB3, BB4, BB5, BB6, BB7, BB9, BB17, Green",344.9,334.4,900,10,2026-02-27 20:44:44.088341,2026-02-27 20:44:44.394249,-94500.0
PAPER-1772205288,SENSEX 05MAR 81700 PE,"NRCB, BB5, BB11, BB12, CBB0, CBB1, CBB2, CBB7, Green",314.55,299.5,900,10,2026-02-27 20:44:48.576511,2026-02-27 20:44:48.889426,-135450.00000000012
PAPER-1772205288,SENSEX 05MAR 81700 PE,"NRCB, BB5, BB11, BB12, CBB0, CBB1, CBB2, CBB7, Green",314.55,306.5,900,10,2026-02-27 20:44:48.890805,2026-02-27 20:44:49.048056,-72450.0000000001
PAPER-1772205289,SENSEX 05MAR 81700 PE,"NRCB, BB5, BB11, BB12, CBB0, CBB1, CBB2, CBB7, Green",314.55,305.05,900,10,2026-02-27 20:44:49.049403,2026-02-27 20:44:49.206147,-85500.0
PAPER-1772205289,SENSEX 05MAR 81700 PE,"NRCB, BB5, BB11, BB12, CBB0, CBB1, CBB2, CBB7, Green",318.35,294.4,900,10,2026-02-27 20:44:49.207527,2026-02-27 20:44:49.363861,-215550.0000000004
PAPER-1772205293,SENSEX 05MAR 81700 PE,"BB5, BB12, CBB0, CBB1, CBB2, CBB5, CBB6, CBB7, Green",302.7,285.0,900,10,2026-02-27 20:44:53.274405,2026-02-27 20:44:53.433856,-159299.99999999988
PAPER-1772205293,SENSEX 05MAR 81700 PE,"BB5, BB12, CBB0, CBB1, CBB2, CBB5, CBB7, Green",302.7,287.7,900,10,2026-02-27 20:44:53.435324,2026-02-27 20:44:53.595361,-135000.0
PAPER-1772205293,SENSEX 05MAR 81700 PE,"BB5, BB12, CBB0, CBB1, CBB2, CBB5, CBB7, Green",302.7,295.0,900,10,2026-02-27 20:44:53.596764,2026-02-27 20:44:53.756433,-69299.9999999999
PAPER-1772205293,SENSEX 05MAR 81700 PE,"BB5, BB12, CBB0, CBB1, CBB2, CBB5, CBB7, Green",302.7,284.5,900,10,2026-02-27 20:44:53.757876,2026-02-27 20:44:53.916972,-163799.99999999988
PAPER-1772205293,SENSEX 05MAR 81700 PE,"BB5, BB12, CBB0, CBB1, CBB2, CBB5, CBB7, Green",302.7,284.55,900,10,2026-02-27 20:44:53.918357,2026-02-27 20:44:54.077414,-163349.9999999998
PAPER-1772205298,SENSEX 05MAR 81700 PE,"BB12, CBB0, CBB1, CBB3",263.4,261.05,900,10,2026-02-27 20:44:58.058308,2026-02-27 20:44:58.220099,-21149.999999999694
PAPER-1772205298,SENSEX 05MAR 81700 PE,"BB12, CBB0, CBB1, CBB3",278.15,265.55,900,10,2026-02-27 20:44:58.222226,2026-02-27 20:44:58.383469,-113399.9999999997
PAPER-1772205301,SENSEX 05MAR 81700 PE,"CBBR2, CBBR7",247.3,265.8,900,10,2026-02-27 20:45:01.609329,2026-02-27 20:45:02.591655,166500.0
PAPER-1772205308,SENSEX 05MAR 81700 PE,"NRCB, BB12",254.05,243.35,900,10,2026-02-27 20:45:08.353293,2026-02-27 20:45:08.520271,-96300.00000000016
PAPER-1772205308,SENSEX 05MAR 81700 PE,"NRCB, CBB0, CBB5, CBB6",254.05,313.55,900,10,2026-02-27 20:45:08.522735,2026-02-27 20:45:10.015176,535500.0
PAPER-1772205312,SENSEX 05MAR 81700 PE,"BB1, BB2, BB5, Green",329.1,318.9,900,10,2026-02-27 20:45:12.014537,2026-02-27 20:45:13.198958,-91800.00000000041
PAPER-1772205315,SENSEX 05MAR 81700 PE,"CBB0, CBB6",330.55,322.95,900,10,2026-02-27 20:45:15.217717,2026-02-27 20:45:15.387804,-68400.0000000002
PAPER-1772205320,SENSEX 05MAR 81700 PE,CBBR2,356.6,381.15,900,10,2026-02-27 20:45:20.489808,2026-02-27 20:45:22.760286,220949.9999999996
PAPER-1772205324,SENSEX 05MAR 81700 PE,"BB1, BB9, BB17, CBB0, Green",380.0,369.1,900,10,2026-02-27 20:45:24.850172,2026-02-27 20:45:25.025042,-98099.9999999998
PAPER-1772205325,SENSEX 05MAR 81700 PE,"BB12, CBB0, CBB1, CBB4",386.05,381.45,900,10,2026-02-27 20:45:25.733175,2026-02-27 20:45:26.085185,-41400.000000000204
PAPER-1772205326,SENSEX 05MAR 81700 PE,"BB12, CBB0, CBB1, CBB4",405.9,385.0,900,10,2026-02-27 20:45:26.086632,2026-02-27 20:45:26.263842,-188099.9999999998
PAPER-1772205326,SENSEX 05MAR 81700 PE,"BB12, CBB0, CBB1, CBB4",405.9,390.05,900,10,2026-02-27 20:45:26.265243,2026-02-27 20:45:26.442474,-142649.99999999968
PAPER-1772205329,SENSEX 05MAR 81700 PE,CBBR2,370.15,362.0,900,10,2026-02-27 20:45:29.948241,2026-02-27 20:45:30.304495,-73349.9999999998
PAPER-1772205330,SENSEX 05MAR 81700 PE,CBBR2,374.1,364.95,900,10,2026-02-27 20:45:30.305946,2026-02-27 20:45:30.484640,-82350.0000000003
PAPER-1772205330,SENSEX 05MAR 81700 PE,CBBR2,374.1,366.0,900,10,2026-02-27 20:45:30.486001,2026-02-27 20:45:30.664180,-72900.0000000002
PAPER-1772205330,SENSEX 05MAR 81700 PE,CBBR2,374.1,361.75,900,10,2026-02-27 20:45:30.665573,2026-02-27 20:45:30.844043,-111150.0000000002
PAPER-1772205334,SENSEX 05MAR 81700 PE,NRCB,370.0,362.4,900,10,2026-02-27 20:45:34.040193,2026-02-27 20:45:34.932726,-68400.0000000002
PAPER-1772205337,SENSEX 05MAR 81700 PE,NRCB,354.95,345.3,900,10,2026-02-27 20:45:37.255554,2026-02-27 20:45:37.980936,-86849.9999999998
PAPER-1772205343,SENSEX 05MAR 81700 PE,"NRCB, BB12",264.05,260.1,900,10,2026-02-27 20:45:43.446619,2026-02-27 20:45:44.368263,-35549.9999999999
PAPER-1772205345,SENSEX 05MAR 81700 PE,"BB13, Green",280.0,273.1,900,10,2026-02-27 20:45:45.836044,2026-02-27 20:45:46.020915,-62099.999999999796
PAPER-1772205346,SENSEX 05MAR 81700 PE,"BB13, Green",280.0,268.35,900,10,2026-02-27 20:45:46.023370,2026-02-27 20:45:46.575575,-104849.9999999998
PAPER-1772205349,SENSEX 05MAR 81700 PE,"NRCB, BB12, CBBR1, CBBR3, CBBR4, CBBR6",386.75,366.2,900,10,2026-02-27 20:45:49.900871,2026-02-27 20:45:50.087385,-184950.00000000012
PAPER-1772205350,SENSEX 05MAR 81700 PE,"NRCB, BB12, CBBR1, CBBR3, CBBR4, CBBR6",386.75,377.75,900,10,2026-02-27 20:45:50.088920,2026-02-27 20:45:50.276718,-81000.0
PAPER-1772205350,SENSEX 05MAR 81700 PE,"NRCB, BB12, CBBR1, CBBR3, CBBR4, CBBR6",386.75,394.3,900,10,2026-02-27 20:45:50.278244,2026-02-27 20:45:50.653307,67950.0000000001
PAPER-1772205350,SENSEX 05MAR 81700 PE,"NRCB, BB12, CBBR1, CBBR3, CBBR4, CBBR6",409.0,390.25,900,10,2026-02-27 20:45:50.654704,2026-02-27 20:45:50.841231,-168750.0
PAPER-1772205353,SENSEX 05MAR 81700 PE,"BB8, BB12, BB13, BB16, CBBR3, Green",446.9,432.15,900,10,2026-02-27 20:45:53.827748,2026-02-27 20:45:54.016680,-132750.0
PAPER-1772205354,SENSEX 05MAR 81700 PE,"NRCB, BB8, BB12, BB13, BB16, CBBR3, Green",446.9,420.15,900,10,2026-02-27 20:45:54.018140,2026-02-27 20:45:54.207286,-240750.0
PAPER-1772205354,SENSEX 05MAR 81700 PE,"NRCB, BB8, BB13, BB16, CBBR3, Green",446.9,397.4,900,10,2026-02-27 20:45:54.208662,2026-02-27 20:45:54.397655,-445500.0
PAPER-1772205354,SENSEX 05MAR 81700 PE,"NRCB, BB8, BB13, BB16, CBBR3, Green",446.9,408.05,900,10,2026-02-27 20:45:54.399040,2026-02-27 20:45:54.587370,-349649.9999999997
PAPER-1772205355,SENSEX 05MAR 81700 PE,"BB1, BB2, BB3, BB4, BB5, BB6, BB7, BB9, BB10, BB11, CBB0, CBB6",433.7,423.6,900,10,2026-02-27 20:45:55.717835,2026-02-27 20:45:55.906762,-90899.9999999997
PAPER-1772205355,SENSEX 05MAR 81700 PE,"BB1, BB2, BB3, BB4, BB5, BB6, BB7, BB9, BB10, BB11, CBB0, CBB6",433.7,421.2,900,10,2026-02-27 20:45:55.908148,2026-02-27 20:45:56.665708,-112500.0
PAPER-1772205361,SENSEX 05MAR 81700 PE,"BB13, CBBR5, Green",482.0,508.5,900,10,2026-02-27 20:46:01.250934,2026-02-27 20:46:02.594847,238500.0
PAPER-1772205364,SENSEX 05MAR 81700 PE,CBBR2,473.8,459.85,900,10,2026-02-27 20:46:04.129519,2026-02-27 20:46:04.322869,-125549.9999999999
PAPER-1772205364,SENSEX 05MAR 81700 PE,CBBR2,473.8,442.1,900,10,2026-02-27 20:46:04.324481,2026-02-27 20:46:04.517579,-285299.9999999999
PAPER-1772205364,SENSEX 05MAR 81700 PE,CBBR2,473.8,455.0,900,10,2026-02-27 20:46:04.518985,2026-02-27 20:46:04.712932,-169200.00000000012
PAPER-1772205364,SENSEX 05MAR 81700 PE,CBBR2,473.8,458.75,900,10,2026-02-27 20:46:04.714337,2026-02-27 20:46:04.908373,-135450.00000000012
PAPER-1772205364,SENSEX 05MAR 81700 PE,CBBR2,473.8,446.0,900,10,2026-02-27 20:46:04.910645,2026-02-27 20:46:05.102718,-250200.00000000012
PAPER-1772205366,SENSEX 05MAR 81700 PE,CBBR6,471.0,467.3,900,10,2026-02-27 20:46:06.254899,2026-02-27 20:46:07.416147,-33299.9999999999
PAPER-1772205368,SENSEX 05MAR 81700 PE,"BB12, CBB0, CBB2, CBB7",493.65,481.2,900,10,2026-02-27 20:46:08.766410,2026-02-27 20:46:10.121258,-112049.9999999999
PAPER-1772205370,SENSEX 05MAR 81700 PE,"CBBR2, CBBR7",464.0,453.0,900,10,2026-02-27 20:46:10.898422,2026-02-27 20:46:11.291480,-99000.0
PAPER-1772205371,SENSEX 05MAR 81700 PE,"CBBR2, CBBR7",464.55,451.0,900,10,2026-02-27 20:46:11.292845,2026-02-27 20:46:11.489886,-121950.0000000001
PAPER-1772205371,SENSEX 05MAR 81700 PE,"CBBR2, CBBR7",464.55,440.95,900,10,2026-02-27 20:46:11.502632,2026-02-27 20:46:11.699441,-212400.0000000002
PAPER-1772205371,SENSEX 05MAR 81700 PE,"CBBR2, CBBR7",464.55,451.0,900,10,2026-02-27 20:46:11.701438,2026-02-27 20:46:11.897218,-121950.0000000001
PAPER-1772205374,SENSEX 05MAR 81700 PE,"BB6, BB11, BB12, CBB0, CBB7",466.0,455.0,900,10,2026-02-27 20:46:14.428179,2026-02-27 20:46:14.625024,-99000.0
PAPER-1772205374,SENSEX 05MAR 81700 PE,"BB6, BB11, CBB0, CBB7",466.0,533.45,900,10,2026-02-27 20:46:14.626560,2026-02-27 20:46:16.977932,607050.0000000005
PAPER-1772205382,SENSEX 05MAR 81700 PE,"BB13, Green",486.5,494.45,900,10,2026-02-27 20:46:22.728471,2026-02-27 20:46:23.930896,71549.9999999999
PAPER-1772205387,SENSEX 05MAR 81700 PE,"BB8, CBBR2",498.55,484.45,900,10,2026-02-27 20:46:27.742199,2026-02-27 20:46:28.148178,-126900.0000000002
PAPER-1772205388,SENSEX 05MAR 81700 PE,"BB8, CBBR2",500.45,505.25,900,10,2026-02-27 20:46:28.149704,2026-02-27 20:46:30.997653,43200.0000000001
PAPER-1772205393,SENSEX 05MAR 81700 PE,"BB11, CBB0, CBB4",537.0,523.8,900,10,2026-02-27 20:46:33.030878,2026-02-27 20:46:33.441433,-118800.00000000041
PAPER-1772205393,SENSEX 05MAR 81700 PE,"BB11, CBB0, CBB4",538.35,519.5,900,10,2026-02-27 20:46:33.648691,2026-02-27 20:46:34.057047,-169650.0000000002
PAPER-1772205395,SENSEX 05MAR 81700 PE,"CBBR2, CBBR7",519.75,508.5,900,10,2026-02-27 20:46:35.897681,2026-02-27 20:46:36.103121,-101250.0
PAPER-1772205396,SENSEX 05MAR 81700 PE,"CBBR2, CBBR7",519.9,505.8,900,10,2026-02-27 20:46:36.104594,2026-02-27 20:46:36.311417,-126899.9999999997
PAPER-1772205396,SENSEX 05MAR 81700 PE,"CBBR2, CBBR7",519.9,507.75,900,10,2026-02-27 20:46:36.312846,2026-02-27 20:46:36.933494,-109349.9999999998
PAPER-1772205400,SENSEX 05MAR 81700 PE,"CBBR2, CBBR7",515.0,495.0,900,10,2026-02-27 20:46:40.848590,2026-02-27 20:46:41.265977,-180000.0
PAPER-1772205407,SENSEX 05MAR 81700 PE,"NRCB, BB5, BB11, BB12, CBB0, Green",454.0,422.8,900,10,2026-02-27 20:46:47.518471,2026-02-27 20:46:47.940796,-280799.9999999999
PAPER-1772205407,SENSEX 05MAR 81700 PE,"NRCB, BB5, BB11, BB12, Green",455.0,422.25,900,10,2026-02-27 20:46:47.943290,2026-02-27 20:46:48.154125,-294750.0
PAPER-1772205408,SENSEX 05MAR 81700 PE,"NRCB, BB5, BB11, BB12, Green",455.0,420.6,900,10,2026-02-27 20:46:48.156030,2026-02-27 20:46:48.367291,-309599.99999999977
PAPER-1772205415,SENSEX 05MAR 81700 PE,"BB13, Green",489.75,480.4,900,10,2026-02-27 20:46:55.044506,2026-02-27 20:46:57.191841,-84150.0000000002
PAPER-1772205419,SENSEX 05MAR 81700 PE,"BB12, CBBR3",595.3,590.5,900,10,2026-02-27 20:46:59.812967,2026-02-27 20:47:00.030404,-43199.99999999959
PAPER-1772205420,SENSEX 05MAR 81700 PE,"NRCB, CBBR3",637.9,617.3,900,10,2026-02-27 20:47:00.032886,2026-02-27 20:47:00.248378,-185400.0000000002
PAPER-1772205420,SENSEX 05MAR 81700 PE,"NRCB, CBBR3",653.45,786.55,900,10,2026-02-27 20:47:00.249652,2026-02-27 20:47:01.349734,1197899.999999999
PAPER-1772205428,SENSEX 05MAR 81800 CE,"BB17, Green",1080.05,1069.1,900,10,2026-02-27 20:47:08.841774,2026-02-27 20:47:09.464774,-98550.00000000041
PAPER-1772205431,SENSEX 05MAR 81800 CE,"BB1, BB12, CBB0, CBB1, CBB3, Green",1142.75,1115.1,900,10,2026-02-27 20:47:11.200378,2026-02-27 20:47:11.317372,-248850.00000000081
PAPER-1772205432,SENSEX 05MAR 81800 CE,"BB12, BB16, Green",1329.0,1475.05,900,10,2026-02-27 20:47:12.830151,2026-02-27 20:47:14.315938,1314449.9999999995
PAPER-1772205434,SENSEX 05MAR 81800 CE,"BB8, CBBR2",1461.7,1425.65,900,10,2026-02-27 20:47:14.386740,2026-02-27 20:47:14.723286,-324449.9999999996
PAPER-1772205434,SENSEX 05MAR 81800 CE,CBBR2,1416.15,1387.0,900,10,2026-02-27 20:47:14.929152,2026-02-27 20:47:15.343264,-262350.0000000008
PAPER-1772205435,SENSEX 05MAR 81800 CE,"BB17, Green",1403.2,1370.4,900,10,2026-02-27 20:47:15.553865,2026-02-27 20:47:15.833622,-295199.9999999996
PAPER-1772205436,SENSEX 05MAR 81800 CE,"CBB0, CBB4",1355.0,1304.45,900,10,2026-02-27 20:47:16.611115,2026-02-27 20:47:17.187985,-454949.9999999996
PAPER-1772205437,SENSEX 05MAR 81800 CE,"BB1, BB12, CBB0, CBB4",1351.45,1311.55,900,10,2026-02-27 20:47:17.481334,2026-02-27 20:47:17.630882,-359100.0000000008
PAPER-1772205437,SENSEX 05MAR 81800 CE,"BB13, CBB0, CBB4, Green",1324.5,1295.15,900,10,2026-02-27 20:47:17.780502,2026-02-27 20:47:18.006718,-264149.9999999992
PAPER-1772205440,SENSEX 05MAR 81800 CE,"BB17, Green",1009.85,975.0,900,10,2026-02-27 20:47:20.953422,2026-02-27 20:47:21.033184,-313650.00000000023
PAPER-1772205442,SENSEX 05MAR 81800 CE,"BB12, BB17, Green",995.0,985.0,900,10,2026-02-27 20:47:22.405359,2026-02-27 20:47:22.740855,-90000.0
PAPER-1772205443,SENSEX 05MAR 81800 CE,CBBR2,995.05,965.0,900,10,2026-02-27 20:47:23.079313,2026-02-27 20:47:23.164381,-270449.9999999996
PAPER-1772205443,SENSEX 05MAR 81800 CE,"BB17, Green",960.05,1026.9,900,10,2026-02-27 20:47:23.508368,2026-02-27 20:47:24.026544,601650.0000000013
PAPER-1772205444,SENSEX 05MAR 81800 CE,"CBB0, CBB4",996.0,1076.75,900,10,2026-02-27 20:47:24.462987,2026-02-27 20:47:25.087376,726750.0
PAPER-1772205445,SENSEX 05MAR 81800 CE,"CBBR1, CBBR3",1131.6,1064.25,900,10,2026-02-27 20:47:25.088783,2026-02-27 20:47:25.182277,-606149.9999999992
PAPER-1772205445,SENSEX 05MAR 81800 CE,"CBBR2, CBBR7",981.25,1074.0,900,10,2026-02-27 20:47:25.545777,2026-02-27 20:47:26.634057,834750.0
PAPER-1772205447,SENSEX 05MAR 81800 CE,CBBR1,1019.0,1109.95,900,10,2026-02-27 20:47:27.277052,2026-02-27 20:47:28.046959,818550.0000000005
PAPER-1772205448,SENSEX 05MAR 81800 CE,"CBBR2, CBBR7",1070.0,1047.55,900,10,2026-02-27 20:47:28.421753,2026-02-27 20:47:28.708033,-202050.0000000004
PAPER-1772205448,SENSEX 05MAR 81800 CE,"CBBR2, CBBR7",1070.0,1037.85,900,10,2026-02-27 20:47:28.709368,2026-02-27 20:47:28.804152,-289350.0000000008
PAPER-1772205449,SENSEX 05MAR 81800 CE,"BB17, Green",1049.65,1000.0,900,10,2026-02-27 20:47:29.563338,2026-02-27 20:47:29.754410,-446850.0000000008
PAPER-1772205450,SENSEX 05MAR 81800 CE,NRCB,988.55,1004.05,900,10,2026-02-27 20:47:30.619499,2026-02-27 20:47:31.894449,139500.0
PAPER-1772205454,SENSEX 05MAR 81800 CE,"BB17, Green",878.7,847.45,900,10,2026-02-27 20:47:34.095095,2026-02-27 20:47:34.914085,-281250.0
PAPER-1772205458,SENSEX 05MAR 81800 CE,"BB12, CBB0, CBB1, CBB4",825.0,796.05,900,10,2026-02-27 20:47:38.483866,2026-02-27 20:47:38.696543,-260550.0000000004
PAPER-1772205460,SENSEX 05MAR 81800 CE,"BB5, BB12, CBB0, CBB1, CBB4",815.0,795.0,900,10,2026-02-27 20:47:40.519988,2026-02-27 20:47:40.739403,-180000.0
PAPER-1772205461,SENSEX 05MAR 81800 CE,"BB12, CBBR4",816.25,785.05,900,10,2026-02-27 20:47:41.175455,2026-02-27 20:47:41.284049,-280800.0000000004
PAPER-1772205461,SENSEX 05MAR 81800 CE,"BB12, CBB0, CBB3",815.25,790.5,900,10,2026-02-27 20:47:41.724443,2026-02-27 20:47:42.055798,-222750.0
PAPER-1772205462,SENSEX 05MAR 81800 CE,"CBBR2, CBBR7",802.55,798.95,900,10,2026-02-27 20:47:42.277915,2026-02-27 20:47:42.945109,-32399.99999999918
PAPER-1772205464,SENSEX 05MAR 81800 CE,"NRCB, CBB0, CBB5, CBB6",815.0,805.0,900,10,2026-02-27 20:47:44.063352,2026-02-27 20:47:44.855128,-90000.0
PAPER-1772205465,SENSEX 05MAR 81800 CE,CBBR2,793.35,865.0,900,10,2026-02-27 20:47:45.532929,2026-02-27 20:47:46.672875,644849.9999999998
PAPER-1772205468,SENSEX 05MAR 81800 CE,CBBR2,919.9,885.15,900,10,2026-02-27 20:47:48.507400,2026-02-27 20:47:48.623942,-312750.0
PAPER-1772205468,SENSEX 05MAR 81800 CE,CBBR2,919.9,900.05,900,10,2026-02-27 20:47:48.626027,2026-02-27 20:47:48.861863,-178650.0000000002
PAPER-1772205468,SENSEX 05MAR 81800 CE,CBBR2,919.9,859.95,900,10,2026-02-27 20:47:48.863244,2026-02-27 20:47:49.213622,-539549.9999999994
PAPER-1772205472,SENSEX 05MAR 81800 CE,"CBB0, CBB2, CBB6",898.6,669.0,900,10,2026-02-27 20:47:52.171783,2026-02-27 20:47:52.411150,-2066400.0
PAPER-1772205475,SENSEX 05MAR 81800 CE,"BB15, Green",642.0,626.0,900,10,2026-02-27 20:47:55.276406,2026-02-27 20:47:55.397115,-144000.0
PAPER-1772205485,SENSEX 05MAR 81800 CE,"BB12, CBB0, CBB1, CBB4",566.5,550.5,900,10,2026-02-27 20:48:05.975562,2026-02-27 20:48:06.104706,-144000.0
PAPER-1772205486,SENSEX 05MAR 81800 CE,"BB12, CBB0, CBB1, CBB4",566.5,564.05,900,10,2026-02-27 20:48:06.106174,2026-02-27 20:48:07.657871,-22050.000000000407
PAPER-1772205491,SENSEX 05MAR 81800 CE,"NRCB, BB12",526.15,524.9,900,10,2026-02-27 20:48:11.163716,2026-02-27 20:48:12.455236,-11250.0
PAPER-1772205492,SENSEX 05MAR 81800 CE,"BB12, CBB0, CBB1, CBB4",543.0,539.2,900,10,2026-02-27 20:48:12.988443,2026-02-27 20:48:13.788974,-34199.99999999959
PAPER-1772205497,SENSEX 05MAR 81800 CE,"NRCB, BB12, CBBR3, CBBR6",527.7,514.05,900,10,2026-02-27 20:48:17.019929,2026-02-27 20:48:17.155827,-122850.00000000081
PAPER-1772205497,SENSEX 05MAR 81800 CE,"NRCB, CBBR3, CBBR6",528.8,514.75,900,10,2026-02-27 20:48:17.157390,2026-02-27 20:48:17.293137,-126449.99999999959
PAPER-1772205499,SENSEX 05MAR 81800 CE,CBBR6,509.0,484.05,900,10,2026-02-27 20:48:19.460673,2026-02-27 20:48:19.597260,-224549.99999999988
PAPER-1772205502,SENSEX 05MAR 81800 CE,"CBBR3, CBBR6",501.75,490.6,900,10,2026-02-27 20:48:22.332226,2026-02-27 20:48:23.302418,-100349.9999999998
PAPER-1772205504,SENSEX 05MAR 81800 CE,"CBB0, CBB3, CBB4",497.95,486.9,900,10,2026-02-27 20:48:24.994351,2026-02-27 20:48:25.135598,-99450.0000000001
PAPER-1772205505,SENSEX 05MAR 81800 CE,"CBB0, CBB3, CBB4",497.95,482.9,900,10,2026-02-27 20:48:25.138056,2026-02-27 20:48:26.133469,-135450.00000000012
PAPER-1772205509,SENSEX 05MAR 81800 CE,"BB12, CBBR3",555.85,543.55,900,10,2026-02-27 20:48:29.098917,2026-02-27 20:48:29.386843,-110700.00000000061
PAPER-1772205509,SENSEX 05MAR 81800 CE,"NRCB, BB12, CBBR3",557.5,528.0,900,10,2026-02-27 20:48:29.388319,2026-02-27 20:48:30.112144,-265500.0
PAPER-1772205517,SENSEX 05MAR 81800 CE,"BB12, CBB0, CBB1, CBB2, CBB6, CBB7",488.4,477.65,900,10,2026-02-27 20:48:37.063766,2026-02-27 20:48:37.360354,-96750.0
PAPER-1772205517,SENSEX 05MAR 81800 CE,"CBB0, CBB1, CBB2, CBB7",489.25,474.7,900,10,2026-02-27 20:48:37.361835,2026-02-27 20:48:37.808624,-130950.0000000001
PAPER-1772205523,SENSEX 05MAR 81800 PE,"BB17, Green",459.0,449.25,900,10,2026-02-27 20:48:43.698109,2026-02-27 20:48:43.800937,-87750.0
PAPER-1772205525,SENSEX 05MAR 81800 PE,"BB8, BB12, CBB0, CBB4, Green",470.6,449.2,900,10,2026-02-27 20:48:45.285193,2026-02-27 20:48:45.399953,-192600.00000000032
PAPER-1772205525,SENSEX 05MAR 81800 PE,"BB8, BB12, CBB0, CBB4, Green",470.6,510.5,900,10,2026-02-27 20:48:45.402334,2026-02-27 20:48:45.576207,359099.99999999977
PAPER-1772205526,SENSEX 05MAR 81800 PE,"BB1, BB15, BB17, Green",445.65,418.3,900,10,2026-02-27 20:48:46.085990,2026-02-27 20:48:46.144526,-246149.99999999968
PAPER-1772205526,SENSEX 05MAR 81800 PE,"BB1, BB15, Green",445.65,411.5,900,10,2026-02-27 20:48:46.145903,2026-02-27 20:48:46.203837,-307349.99999999977
PAPER-1772205526,SENSEX 05MAR 81800 PE,"BB1, BB15, Green",445.65,409.95,900,10,2026-02-27 20:48:46.205220,2026-02-27 20:48:46.263824,-321299.9999999999
PAPER-1772205526,SENSEX 05MAR 81800 PE,"BB1, BB15, Green",445.65,395.6,900,10,2026-02-27 20:48:46.265188,2026-02-27 20:48:46.323079,-450449.9999999996
PAPER-1772205526,SENSEX 05MAR 81800 PE,"CBB0, CBB5, CBB6",416.65,404.1,900,10,2026-02-27 20:48:46.844352,2026-02-27 20:48:46.961198,-112949.99999999959
PAPER-1772205528,SENSEX 05MAR 81800 PE,"BB13, Green",365.15,357.15,900,10,2026-02-27 20:48:48.150150,2026-02-27 20:48:48.396462,-72000.0
PAPER-1772205529,SENSEX 05MAR 81800 PE,"NRCB, BB12",350.15,340.05,900,10,2026-02-27 20:48:49.602032,2026-02-27 20:48:49.867382,-90899.9999999997
PAPER-1772205531,SENSEX 05MAR 81800 PE,"BB12, BB17, CBB0, CBB4, Green",351.7,338.0,900,10,2026-02-27 20:48:51.321949,2026-02-27 20:48:51.392781,-123299.9999999999
PAPER-1772205531,SENSEX 05MAR 81800 PE,"BB1, BB12, CBB0, CBB4, Green",358.95,393.45,900,10,2026-02-27 20:48:51.606126,2026-02-27 20:48:51.892547,310500.0
PAPER-1772205533,SENSEX 05MAR 81800 PE,CBBR2,365.55,350.3,900,10,2026-02-27 20:48:53.049747,2026-02-27 20:48:53.574799,-137250.0
PAPER-1772205535,SENSEX 05MAR 81800 PE,"BB5, BB12, CBB0, CBB1, CBB3, Green",380.35,379.2,900,10,2026-02-27 20:48:55.355435,2026-02-27 20:48:55.755534,-10350.000000000307
PAPER-1772205536,SENSEX 05MAR 81800 PE,"BB12, CBB0, CBB3",398.35,363.1,900,10,2026-02-27 20:48:56.001116,2026-02-27 20:48:56.164977,-317250.0
PAPER-1772205541,SENSEX 05MAR 81800 PE,"BB12, CBBR1, CBBR3",266.1,312.25,900,10,2026-02-27 20:49:01.063272,2026-02-27 20:49:02.121577,415349.99999999977
PAPER-1772205542,SENSEX 05MAR 81800 PE,"CBBR2, CBBR7",300.05,293.3,900,10,2026-02-27 20:49:02.391742,2026-02-27 20:49:02.482972,-60750.0
PAPER-1772205542,SENSEX 05MAR 81800 PE,"CBBR2, CBBR7",300.05,280.6,900,10,2026-02-27 20:49:02.484354,2026-02-27 20:49:02.575026,-175049.99999999988
PAPER-1772205543,SENSEX 05MAR 81800 PE,"BB17, Green",285.5,290.8,900,10,2026-02-27 20:49:03.667184,2026-02-27 20:49:04.315120,47700.0000000001
PAPER-1772205544,SENSEX 05MAR 81800 PE,"BB5, BB12, BB17, CBB0, CBB1, CBB2, CBB5, CBB6, CBB7, Green",318.75,300.9,900,10,2026-02-27 20:49:04.973056,2026-02-27 20:49:05.068969,-160650.0000000002
PAPER-1772205545,SENSEX 05MAR 81800 PE,"BB5, BB12, CBB0, CBB1, CBB2, CBB5, CBB7, Green",318.75,285.85,900,10,2026-02-27 20:49:05.070514,2026-02-27 20:49:05.166489,-296099.99999999977
PAPER-1772205545,SENSEX 05MAR 81800 PE,"BB5, Green",318.75,294.6,900,10,2026-02-27 20:49:05.167898,2026-02-27 20:49:05.263050,-217349.9999999998
PAPER-1772205545,SENSEX 05MAR 81800 PE,"BB17, Green",294.8,285.4,900,10,2026-02-27 20:49:05.361021,2026-02-27 20:49:05.457587,-84600.0000000003
PAPER-1772205546,SENSEX 05MAR 81800 PE,"CBBR2, CBBR3, CBBR5",294.9,279.9,900,10,2026-02-27 20:49:06.326650,2026-02-27 20:49:06.522249,-135000.0
PAPER-1772205547,SENSEX 05MAR 81800 PE,"NRCB, BB5, BB12, CBB0, CBB4, CBB8",295.7,288.75,900,10,2026-02-27 20:49:07.418648,2026-02-27 20:49:07.749425,-62549.9999999999
PAPER-1772205548,SENSEX 05MAR 81800 PE,"BB8, BB12, Green",320.45,308.05,900,10,2026-02-27 20:49:08.258733,2026-02-27 20:49:08.670537,-111599.9999999998
PAPER-1772205548,SENSEX 05MAR 81800 PE,"BB8, BB12, Green",319.8,309.15,900,10,2026-02-27 20:49:08.981291,2026-02-27 20:49:09.085672,-95850.0000000003
PAPER-1772205549,SENSEX 05MAR 81800 PE,"BB8, Green",319.8,305.05,900,10,2026-02-27 20:49:09.087069,2026-02-27 20:49:09.191181,-132750.0
PAPER-1772205550,SENSEX 05MAR 81800 PE,"BB17, Green",282.45,270.0,900,10,2026-02-27 20:49:10.648810,2026-02-27 20:49:10.754961,-112049.9999999999
PAPER-1772205551,SENSEX 05MAR 81800 PE,"BB1, BB17, Green",272.85,265.2,900,10,2026-02-27 20:49:11.928287,2026-02-27 20:49:12.144087,-68850.0000000003
PAPER-1772205553,SENSEX 05MAR 81800 PE,"BB12, CBB0, CBB3",302.35,322.8,900,10,2026-02-27 20:49:13.122886,2026-02-27 20:49:13.894974,184049.99999999988
PAPER-1772205556,SENSEX 05MAR 81800 PE,"BB13, CBBR1, CBBR2, CBBR5, CBBR7, Green",379.25,371.25,900,10,2026-02-27 20:49:16.897874,2026-02-27 20:49:17.241769,-72000.0
PAPER-1772205557,SENSEX 05MAR 81800 PE,"BB13, CBBR1, CBBR2, CBBR5, CBBR7, Green",383.05,388.3,900,10,2026-02-27 20:49:17.697462,2026-02-27 20:49:18.504723,47250.0
PAPER-1772205558,SENSEX 05MAR 81800 PE,"CBBR1, CBBR2, CBBR7",396.25,387.6,900,10,2026-02-27 20:49:18.852921,2026-02-27 20:49:18.970150,-77849.9999999998
PAPER-1772205558,SENSEX 05MAR 81800 PE,"CBBR1, CBBR2, CBBR7",396.25,387.7,900,10,2026-02-27 20:49:18.971536,2026-02-27 20:49:19.349769,-76950.0000000001
PAPER-1772205564,SENSEX 05MAR 81800 PE,"BB17, Green",361.4,352.8,900,10,2026-02-27 20:49:24.656986,2026-02-27 20:49:24.899636,-77399.9999999997
PAPER-1772205564,SENSEX 05MAR 81800 PE,"BB17, Green",361.9,350.35,900,10,2026-02-27 20:49:24.901143,2026-02-27 20:49:25.023431,-103949.99999999959
PAPER-1772205565,SENSEX 05MAR 81800 PE,"BB17, Green",361.9,342.3,900,10,2026-02-27 20:49:25.024822,2026-02-27 20:49:25.146234,-176399.99999999968
PAPER-1772205565,SENSEX 05MAR 81800 PE,"BB5, BB12, CBB0, Green",367.7,404.45,900,10,2026-02-27 20:49:25.633492,2026-02-27 20:49:27.253701,330750.0
PAPER-1772205567,SENSEX 05MAR 81800 PE,"BB5, BB8, BB12, BB17, CBB0, CBB1, CBB3, Green",404.85,395.0,900,10,2026-02-27 20:49:27.255131,2026-02-27 20:49:27.380984,-88650.0000000002
PAPER-1772205568,SENSEX 05MAR 81800 PE,"BB12, BB17, CBB0, CBB3, CBB8, Green",429.7,497.9,900,10,2026-02-27 20:49:28.618651,2026-02-27 20:49:31.149976,613799.9999999999
PAPER-1772205572,SENSEX 05MAR 81800 PE,"BB8, CBBR1, CBBR2, CBBR7",484.05,454.7,900,10,2026-02-27 20:49:32.047930,2026-02-27 20:49:32.332995,-264150.00000000023
PAPER-1772205572,SENSEX 05MAR 81800 PE,"NRCB, BB8, CBBR1, CBBR2, CBBR7",484.05,455.45,900,10,2026-02-27 20:49:32.334443,2026-02-27 20:49:32.464109,-257400.0000000002
PAPER-1772205573,SENSEX 05MAR 81800 PE,"CBBR1, CBBR3",464.4,510.0,900,10,2026-02-27 20:49:33.367140,2026-02-27 20:49:34.277599,410400.00000000023
PAPER-1772205574,SENSEX 05MAR 81800 PE,"BB6, BB8, BB12, CBB0, CBB3, CBB4, Green",540.0,525.0,900,10,2026-02-27 20:49:34.412811,2026-02-27 20:49:35.465631,-135000.0
PAPER-1772205576,SENSEX 05MAR 81800 PE,"BB1, BB2, BB3, BB4, BB5, BB6, BB7, BB9, BB17, CBB0, CBB7, Green",542.65,529.0,900,10,2026-02-27 20:49:36.518219,2026-02-27 20:49:37.048330,-122849.9999999998
PAPER-1772205577,SENSEX 05MAR 81800 PE,CBBR2,489.4,497.45,900,10,2026-02-27 20:49:37.844355,2026-02-27 20:49:38.113606,72450.0000000001
PAPER-1772205578,SENSEX 05MAR 81800 PE,CBBR2,515.55,500.0,900,10,2026-02-27 20:49:38.115070,2026-02-27 20:49:38.516840,-139949.9999999996
PAPER-1772205580,SENSEX 05MAR 81800 PE,"BB12, BB17, CBB0, CBB1, Green",515.0,496.2,900,10,2026-02-27 20:49:40.670734,2026-02-27 20:49:40.806973,-169200.00000000012
PAPER-1772205581,SENSEX 05MAR 81800 PE,"BB5, BB12, CBB0, CBB1, CBB3",520.35,495.65,900,10,2026-02-27 20:49:41.896603,2026-02-27 20:49:42.034586,-222300.0000000004
PAPER-1772205582,SENSEX 05MAR 81800 PE,"BB5, CBB0, CBB1, CBB3",530.05,508.0,900,10,2026-02-27 20:49:42.036036,2026-02-27 20:49:42.174412,-198449.9999999996
PAPER-1772205582,SENSEX 05MAR 81800 PE,"BB5, BB12, CBB0, CBB1, CBB3",530.05,507.25,900,10,2026-02-27 20:49:42.175778,2026-02-27 20:49:42.313291,-205199.9999999996
PAPER-1772205582,SENSEX 05MAR 81800 PE,"BB5, CBB0, CBB1, CBB3",530.05,508.7,900,10,2026-02-27 20:49:42.314756,2026-02-27 20:49:42.453156,-192149.99999999968
PAPER-1772205582,SENSEX 05MAR 81800 PE,"BB5, BB12, CBB0, CBB1, CBB3",530.05,473.15,900,10,2026-02-27 20:49:42.454517,2026-02-27 20:49:42.592397,-512099.99999999977
PAPER-1772205589,SENSEX 05MAR 81800 PE,"BB13, Green",234.55,238.2,900,10,2026-02-27 20:49:49.885578,2026-02-27 20:49:50.317768,32849.999999999796
PAPER-1772205595,SENSEX 05MAR 81800 PE,"BB12, BB17, Green",205.4,199.2,900,10,2026-02-27 20:49:55.070885,2026-02-27 20:49:55.656663,-55800.00000000015
PAPER-1772205599,SENSEX 05MAR 81800 PE,"BB12, BB17, CBB0, CBB4, Green",216.4,210.5,900,10,2026-02-27 20:49:59.512498,2026-02-27 20:50:00.884781,-53100.00000000005
PAPER-1772205602,SENSEX 05MAR 81800 PE,"BB17, Green",218.5,210.45,900,10,2026-02-27 20:50:02.282786,2026-02-27 20:50:03.048529,-72450.0000000001
PAPER-1772205604,SENSEX 05MAR 81800 PE,"BB17, CBB0, CBB4, Green",219.75,214.0,900,10,2026-02-27 20:50:04.276941,2026-02-27 20:50:05.211486,-51750.0
PAPER-1772205605,SENSEX 05MAR 81800 PE,"CBB0, CBB4",223.2,320.4,900,10,2026-02-27 20:50:05.679141,2026-02-27 20:50:07.562458,874799.9999999999
PAPER-1772205611,SENSEX 05MAR 81800 PE,"BB6, CBB0, CBB3",399.3,385.55,900,10,2026-02-27 20:50:11.203565,2026-02-27 20:50:11.852921,-123750.0
PAPER-1772205611,SENSEX 05MAR 81800 PE,"BB6, CBB0, CBB3",406.65,375.0,900,10,2026-02-27 20:50:11.855054,2026-02-27 20:50:12.174539,-284849.99999999977
PAPER-1772205613,SENSEX 05MAR 81800 PE,"CBBR1, CBBR2, CBBR6, CBBR7",389.65,379.35,900,10,2026-02-27 20:50:13.457494,2026-02-27 20:50:13.618691,-92699.99999999959
PAPER-1772205613,SENSEX 05MAR 81800 PE,"CBBR1, CBBR2, CBBR6, CBBR7",389.65,369.35,900,10,2026-02-27 20:50:13.620104,2026-02-27 20:50:13.782213,-182699.9999999996
PAPER-1772205613,SENSEX 05MAR 81800 PE,"CBBR1, CBBR2, CBBR6, CBBR7",389.65,368.85,900,10,2026-02-27 20:50:13.783520,2026-02-27 20:50:13.945327,-187199.9999999996
PAPER-1772205613,SENSEX 05MAR 81800 PE,"CBBR1, CBBR2, CBBR6, CBBR7",389.65,365.0,900,10,2026-02-27 20:50:13.946637,2026-02-27 20:50:14.109819,-221849.9999999998
PAPER-1772205614,SENSEX 05MAR 81800 PE,"CBBR1, CBBR2, CBBR6, CBBR7",389.65,360.35,900,10,2026-02-27 20:50:14.111095,2026-02-27 20:50:14.272963,-263699.9999999996
PAPER-1772205615,SENSEX 05MAR 81800 PE,"BB5, BB6, BB12, CBB0, CBB6, CBB7",405.0,400.0,900,10,2026-02-27 20:50:15.240994,2026-02-27 20:50:15.567149,-45000.0
PAPER-1772205615,SENSEX 05MAR 81800 PE,"BB5, BB6, CBB0, CBB6, CBB7",425.0,387.9,900,10,2026-02-27 20:50:15.568511,2026-02-27 20:50:15.733242,-333900.00000000023
PAPER-1772205615,SENSEX 05MAR 81800 PE,"BB5, BB6, CBB0, CBB6, CBB7",425.0,380.4,900,10,2026-02-27 20:50:15.734580,2026-02-27 20:50:15.897606,-401400.00000000023
PAPER-1772205616,SENSEX 05MAR 81800 PE,"CBB0, CBB8",394.35,382.9,900,10,2026-02-27 20:50:16.711054,2026-02-27 20:50:16.875726,-103050.00000000041
PAPER-1772205616,SENSEX 05MAR 81800 PE,"CBB0, CBB8",394.35,377.2,900,10,2026-02-27 20:50:16.877076,2026-02-27 20:50:17.041824,-154350.00000000032
PAPER-1772205617,SENSEX 05MAR 81800 PE,"CBB0, CBB8",394.35,385.0,900,10,2026-02-27 20:50:17.043125,2026-02-27 20:50:17.208561,-84150.0000000002
PAPER-1772205617,SENSEX 05MAR 81800 PE,"CBB0, CBB8",394.35,385.85,900,10,2026-02-27 20:50:17.209848,2026-02-27 20:50:17.701367,-76500.0
PAPER-1772205619,SENSEX 05MAR 81800 PE,"CBBR1, CBBR2, CBBR3, CBBR6, CBBR7",383.9,415.4,900,10,2026-02-27 20:50:19.530165,2026-02-27 20:50:20.688937,283500.0
PAPER-1772205621,SENSEX 05MAR 81800 PE,CBBR2,383.6,375.0,900,10,2026-02-27 20:50:21.682478,2026-02-27 20:50:21.852796,-77400.0000000002
PAPER-1772205621,SENSEX 05MAR 81800 PE,CBBR2,383.6,366.15,900,10,2026-02-27 20:50:21.854345,2026-02-27 20:50:22.021864,-157050.0000000004
PAPER-1772205622,SENSEX 05MAR 81800 PE,CBBR2,383.6,358.45,900,10,2026-02-27 20:50:22.023246,2026-02-27 20:50:22.191279,-226350.00000000032
PAPER-1772205622,SENSEX 05MAR 81800 PE,CBBR2,383.6,360.25,900,10,2026-02-27 20:50:22.192652,2026-02-27 20:50:22.360487,-210150.0000000002
PAPER-1772205624,SENSEX 05MAR 81800 PE,"BB1, BB9, BB17, Green",370.05,393.65,900,10,2026-02-27 20:50:24.695214,2026-02-27 20:50:26.715035,212399.99999999968
PAPER-1772205633,SENSEX 05MAR 81800 PE,"NRCB, BB2, BB10, BB11, BB12, CBB0",344.65,322.25,900,10,2026-02-27 20:50:33.898247,2026-02-27 20:50:34.246868,-201599.9999999998
PAPER-1772205634,SENSEX 05MAR 81800 PE,"NRCB, BB2, BB10, BB11, BB12, CBB0",344.65,335.1,900,10,2026-02-27 20:50:34.248286,2026-02-27 20:50:34.423869,-85949.99999999959
PAPER-1772205634,SENSEX 05MAR 81800 PE,"NRCB, BB2, BB10, BB11, BB12, CBB0",344.65,337.45,900,10,2026-02-27 20:50:34.425203,2026-02-27 20:50:34.599600,-64799.9999999999
PAPER-1772205634,SENSEX 05MAR 81800 PE,"NRCB, BB2, BB10, BB11, BB12, BB15, CBB0, Green",345.85,320.25,900,10,2026-02-27 20:50:34.600925,2026-02-27 20:50:34.775660,-230400.0000000002
PAPER-1772205639,SENSEX 05MAR 81800 PE,"BB5, BB12, CBB0, CBB1, CBB2, CBB5, CBB6, CBB7, Green",333.0,314.0,900,10,2026-02-27 20:50:39.147210,2026-02-27 20:50:39.323588,-171000.0
PAPER-1772205639,SENSEX 05MAR 81800 PE,"BB5, BB12, CBB0, CBB1, CBB2, CBB5, CBB7, Green",333.0,314.65,900,10,2026-02-27 20:50:39.324990,2026-02-27 20:50:39.501774,-165150.0000000002
PAPER-1772205639,SENSEX 05MAR 81800 PE,"BB5, BB12, CBB0, CBB1, CBB2, CBB5, CBB7, Green",333.0,312.85,900,10,2026-02-27 20:50:39.503124,2026-02-27 20:50:39.679501,-181349.9999999998
PAPER-1772205639,SENSEX 05MAR 81800 PE,"BB5, BB12, CBB0, CBB1, CBB2, CBB5, CBB7, Green",333.0,312.7,900,10,2026-02-27 20:50:39.680807,2026-02-27 20:50:39.857651,-182700.00000000012
PAPER-1772205639,SENSEX 05MAR 81800 PE,"BB5, BB12, CBB0, CBB1, CBB2, CBB5, CBB7, Green",333.0,312.15,900,10,2026-02-27 20:50:39.858984,2026-02-27 20:50:40.035684,-187650.0000000002
PAPER-1772205644,SENSEX 05MAR 81800 PE,"BB1, BB12, CBB0, Green",282.95,267.85,900,10,2026-02-27 20:50:44.441524,2026-02-27 20:50:44.621023,-135899.99999999968
PAPER-1772205644,SENSEX 05MAR 81800 PE,"BB1, BB12, CBB0, Green",282.95,271.65,900,10,2026-02-27 20:50:44.623168,2026-02-27 20:50:44.802863,-101700.0000000001
PAPER-1772205644,SENSEX 05MAR 81800 PE,"BB1, BB12, CBB0, Green",282.95,287.15,900,10,2026-02-27 20:50:44.804807,2026-02-27 20:50:45.165418,37799.9999999999
PAPER-1772205645,SENSEX 05MAR 81800 PE,"BB1, BB12, CBB0, CBB4, Green",304.05,289.25,900,10,2026-02-27 20:50:45.166801,2026-02-27 20:50:45.346179,-133200.00000000012
PAPER-1772205647,SENSEX 05MAR 81800 PE,"BB1, BB12, CBB0, Green",297.95,282.35,900,10,2026-02-27 20:50:47.305100,2026-02-27 20:50:47.485489,-140399.99999999968
PAPER-1772205647,SENSEX 05MAR 81800 PE,"BB1, CBB0, Green",297.95,280.3,900,10,2026-02-27 20:50:47.487590,2026-02-27 20:50:47.667890,-158849.9999999998
PAPER-1772205647,SENSEX 05MAR 81800 PE,"BB1, CBB0, Green",297.95,285.45,900,10,2026-02-27 20:50:47.669385,2026-02-27 20:50:47.850282,-112500.0
PAPER-1772205647,SENSEX 05MAR 81800 PE,"BB1, CBB0, Green",297.95,282.75,900,10,2026-02-27 20:50:47.851689,2026-02-27 20:50:48.031634,-136799.99999999988
PAPER-1772205649,SENSEX 05MAR 81800 PE,"BB1, CBB0, CBB4",284.45,312.65,900,10,2026-02-27 20:50:49.844025,2026-02-27 20:50:51.113485,253799.99999999988
PAPER-1772205656,SENSEX 05MAR 81800 PE,"NRCB, BB13, Green",271.05,296.8,900,10,2026-02-27 20:50:56.034761,2026-02-27 20:50:57.504557,231750.0
PAPER-1772205660,SENSEX 05MAR 81800 PE,"CBB0, CBB6",366.6,362.65,900,10,2026-02-27 20:51:00.633142,2026-02-27 20:51:01.006694,-35550.00000000041
PAPER-1772205661,SENSEX 05MAR 81800 PE,"CBB0, CBB2, CBB6",378.9,361.3,900,10,2026-02-27 20:51:01.196201,2026-02-27 20:51:01.381474,-158399.99999999968
PAPER-1772205663,SENSEX 05MAR 81800 PE,"BB13, CBB0, Green",359.0,400.0,900,10,2026-02-27 20:51:03.797045,2026-02-27 20:51:06.041611,369000.0
PAPER-1772205669,SENSEX 05MAR 81800 PE,"BB8, CBBR2, CBBR7",387.75,385.0,900,10,2026-02-27 20:51:09.615343,2026-02-27 20:51:09.998696,-24750.0
PAPER-1772205670,SENSEX 05MAR 81800 PE,"BB8, CBBR2, CBBR7",398.3,389.35,900,10,2026-02-27 20:51:10.001106,2026-02-27 20:51:10.192864,-80549.9999999999
PAPER-1772205670,SENSEX 05MAR 81800 PE,"BB8, CBBR2, CBBR7",398.3,390.0,900,10,2026-02-27 20:51:10.194756,2026-02-27 20:51:10.768221,-74700.0000000001
PAPER-1772205674,SENSEX 05MAR 81800 PE,"BB1, BB9, BB17, CBB0, CBB4, Green",415.9,402.2,900,10,2026-02-27 20:51:14.586977,2026-02-27 20:51:14.783201,-123299.9999999999
PAPER-1772205674,SENSEX 05MAR 81800 PE,"BB1, BB9, CBB0, CBB4",415.9,406.6,900,10,2026-02-27 20:51:14.785634,2026-02-27 20:51:14.980915,-83699.99999999959
PAPER-1772205674,SENSEX 05MAR 81800 PE,"BB1, BB9, CBB0, CBB4",415.9,419.0,900,10,2026-02-27 20:51:14.982385,2026-02-27 20:51:15.970509,27900.000000000204
PAPER-1772205681,SENSEX 05MAR 81800 PE,CBBR3,417.65,407.4,900,10,2026-02-27 20:51:21.572587,2026-02-27 20:51:21.768130,-92250.0
PAPER-1772205681,SENSEX 05MAR 81800 PE,CBBR3,419.2,408.4,900,10,2026-02-27 20:51:21.769616,2026-02-27 20:51:22.164575,-97200.0000000001
PAPER-1772205684,SENSEX 05MAR 81800 PE,NRCB,411.45,394.8,900,10,2026-02-27 20:51:24.704182,2026-02-27 20:51:25.686354,-149849.9999999998
PAPER-1772205688,SENSEX 05MAR 81800 PE,NRCB,387.95,380.0,900,10,2026-02-27 20:51:28.254453,2026-02-27 20:51:29.050612,-71549.9999999999
PAPER-1772205695,SENSEX 05MAR 81800 PE,"NRCB, BB12",293.0,286.7,900,10,2026-02-27 20:51:35.016438,2026-02-27 20:51:36.052581,-56700.0000000001
PAPER-1772205702,SENSEX 05MAR 81800 PE,"BB12, BB17, CBB0, CBB1, CBB4, Green",424.15,401.35,900,10,2026-02-27 20:51:42.153078,2026-02-27 20:51:42.358388,-205199.9999999996
PAPER-1772205702,SENSEX 05MAR 81800 PE,"BB12, BB17, CBB0, CBB1, CBB4, Green",424.15,414.6,900,10,2026-02-27 20:51:42.359934,2026-02-27 20:51:42.566268,-85949.99999999959
PAPER-1772205702,SENSEX 05MAR 81800 PE,"BB12, BB17, CBB0, CBB1, CBB4, Green",424.15,432.35,900,10,2026-02-27 20:51:42.567671,2026-02-27 20:51:42.982979,73800.00000000041
PAPER-1772205702,SENSEX 05MAR 81800 PE,"BB12, BB17, CBB0, CBB1, CBB4, Green",447.75,427.5,900,10,2026-02-27 20:51:42.984487,2026-02-27 20:51:43.191086,-182250.0
PAPER-1772205706,SENSEX 05MAR 81800 PE,"BB8, BB12, BB16, Green",471.2,460.3,900,10,2026-02-27 20:51:46.278355,2026-02-27 20:51:46.902590,-98099.9999999998
PAPER-1772205706,SENSEX 05MAR 81800 PE,"NRCB, BB8, BB16, CBBR3, Green",487.85,433.3,900,10,2026-02-27 20:51:46.904088,2026-02-27 20:51:47.112428,-490950.0000000001
PAPER-1772205707,SENSEX 05MAR 81800 PE,"NRCB, BB8, BB16, CBBR3, Green",487.85,445.85,900,10,2026-02-27 20:51:47.113804,2026-02-27 20:51:47.320249,-378000.0
PAPER-1772205708,SENSEX 05MAR 81800 PE,"BB1, BB9, BB10, BB11, BB14, BB15, CBB0, Green",472.2,456.45,900,10,2026-02-27 20:51:48.349308,2026-02-27 20:51:48.556439,-141750.0
PAPER-1772205708,SENSEX 05MAR 81800 PE,"BB1, BB9, BB10, BB11, BB14, BB15, CBB0, CBB6, Green",473.2,461.85,900,10,2026-02-27 20:51:48.557882,2026-02-27 20:51:49.595919,-102149.9999999997
PAPER-1772205714,SENSEX 05MAR 81800 PE,"BB13, CBBR5, Green",524.1,534.0,900,10,2026-02-27 20:51:54.569170,2026-02-27 20:51:55.198534,89099.9999999998
PAPER-1772205715,SENSEX 05MAR 81800 PE,"BB13, CBBR3, CBBR5, Green",551.0,552.75,900,10,2026-02-27 20:51:55.200034,2026-02-27 20:51:56.036478,15750.0
PAPER-1772205720,SENSEX 05MAR 81800 PE,CBBR3,521.45,508.6,900,10,2026-02-27 20:52:00.471990,2026-02-27 20:52:01.317915,-115650.0000000002
PAPER-1772205722,SENSEX 05MAR 81800 PE,"BB12, CBB0, CBB3",536.9,526.15,900,10,2026-02-27 20:52:02.798243,2026-02-27 20:52:04.274616,-96750.0
PAPER-1772205725,SENSEX 05MAR 81800 PE,CBBR2,505.75,491.95,900,10,2026-02-27 20:52:05.122389,2026-02-27 20:52:05.762641,-124200.0000000001
PAPER-1772205725,SENSEX 05MAR 81800 PE,CBBR2,508.15,480.6,900,10,2026-02-27 20:52:05.764022,2026-02-27 20:52:05.977398,-247949.9999999996
PAPER-1772205725,SENSEX 05MAR 81800 PE,CBBR2,508.15,492.9,900,10,2026-02-27 20:52:05.978705,2026-02-27 20:52:06.193235,-137250.0
PAPER-1772205728,SENSEX 05MAR 81800 PE,"BB6, BB11, BB12, CBB0, CBB7",509.0,495.65,900,10,2026-02-27 20:52:08.955402,2026-02-27 20:52:09.170154,-120150.0000000002
PAPER-1772205729,SENSEX 05MAR 81800 PE,"BB6, BB11, CBB0, CBB7",509.0,560.55,900,10,2026-02-27 20:52:09.171541,2026-02-27 20:52:11.088167,463949.9999999996
PAPER-1772205737,SENSEX 05MAR 81800 PE,"BB13, Green",529.5,540.05,900,10,2026-02-27 20:52:17.982998,2026-02-27 20:52:19.301196,94949.99999999959
PAPER-1772205743,SENSEX 05MAR 81800 PE,"BB8, CBBR2, CBBR7",544.05,530.25,900,10,2026-02-27 20:52:23.471572,2026-02-27 20:52:23.914126,-124199.99999999959
PAPER-1772205743,SENSEX 05MAR 81800 PE,"BB8, CBBR2, CBBR7",545.75,551.8,900,10,2026-02-27 20:52:23.915621,2026-02-27 20:52:27.012607,54449.99999999959
PAPER-1772205752,SENSEX 05MAR 81800 PE,CBBR2,567.35,552.7,900,10,2026-02-27 20:52:32.340392,2026-02-27 20:52:32.788976,-131849.9999999998
PAPER-1772205752,SENSEX 05MAR 81800 PE,CBBR2,568.3,555.5,900,10,2026-02-27 20:52:32.791405,2026-02-27 20:52:33.467064,-115199.99999999959
PAPER-1772205757,SENSEX 05MAR 81800 PE,"CBBR2, CBBR7",562.95,540.0,900,10,2026-02-27 20:52:37.717094,2026-02-27 20:52:38.168939,-206550.0000000004
PAPER-1772205764,SENSEX 05MAR 81800 PE,"NRCB, BB5, BB11, BB12, CBB0",498.35,465.15,900,10,2026-02-27 20:52:44.988270,2026-02-27 20:52:45.447032,-298800.0000000004
PAPER-1772205765,SENSEX 05MAR 81800 PE,"NRCB, BB5, BB11, BB12",499.9,465.25,900,10,2026-02-27 20:52:45.448507,2026-02-27 20:52:45.678121,-311849.99999999977
PAPER-1772205765,SENSEX 05MAR 81800 PE,"NRCB, BB5, BB11, BB12",499.9,462.4,900,10,2026-02-27 20:52:45.679492,2026-02-27 20:52:45.907919,-337500.0
PAPER-1772205772,SENSEX 05MAR 81800 PE,"BB13, Green",538.0,529.95,900,10,2026-02-27 20:52:52.779183,2026-02-27 20:52:54.632094,-72449.99999999959
PAPER-1772205777,SENSEX 05MAR 81800 PE,"NRCB, CBBR3",694.6,672.1,900,10,2026-02-27 20:52:57.642420,2026-02-27 20:52:57.874854,-202500.0
PAPER-1772205777,SENSEX 05MAR 81800 PE,"NRCB, CBBR3",710.75,846.55,900,10,2026-02-27 20:52:57.876327,2026-02-27 20:52:59.042609,1222199.9999999995
PAPER-1772205784,SENSEX 05MAR 81900 CE,"BB15, Green",1260.0,1230.0,900,10,2026-02-27 20:53:04.772419,2026-02-27 20:53:04.822441,-270000.0
PAPER-1772205784,SENSEX 05MAR 81900 CE,"BB15, Green",1260.0,1230.0,900,10,2026-02-27 20:53:04.824847,2026-02-27 20:53:04.925590,-270000.0
PAPER-1772205787,SENSEX 05MAR 81900 CE,"BB17, Green",1190.1,1189.55,900,10,2026-02-27 20:53:07.950883,2026-02-27 20:53:08.074044,-4949.999999999591
PAPER-1772205789,SENSEX 05MAR 81900 CE,"BB17, Green",1014.4,1008.3,900,10,2026-02-27 20:53:09.469546,2026-02-27 20:53:10.195512,-54900.000000000204
PAPER-1772205791,SENSEX 05MAR 81900 CE,"BB12, BB17, CBB0, CBB4, CBB8, Green",1007.4,975.25,900,10,2026-02-27 20:53:11.767185,2026-02-27 20:53:12.119225,-289349.99999999977
PAPER-1772205792,SENSEX 05MAR 81900 CE,"BB12, CBB0, CBB6, CBB8",1015.0,1019.45,900,10,2026-02-27 20:53:12.538490,2026-02-27 20:53:13.522695,40050.00000000041
PAPER-1772205793,SENSEX 05MAR 81900 CE,CBBR2,1010.0,984.55,900,10,2026-02-27 20:53:13.884823,2026-02-27 20:53:14.032768,-229050.0000000004
PAPER-1772205794,SENSEX 05MAR 81900 CE,CBBR2,1010.0,1006.75,900,10,2026-02-27 20:53:14.034122,2026-02-27 20:53:14.473878,-29250.0
PAPER-1772205794,SENSEX 05MAR 81900 CE,CBBR2,992.7,1227.35,900,10,2026-02-27 20:53:14.624177,2026-02-27 20:53:15.613980,2111849.9999999986
PAPER-1772205796,SENSEX 05MAR 81900 CE,"CBBR1, CBBR2, CBBR7",1278.35,1225.1,900,10,2026-02-27 20:53:16.309008,2026-02-27 20:53:16.781079,-479250.0
PAPER-1772205796,SENSEX 05MAR 81900 CE,"CBBR1, CBBR2, CBBR7",1276.4,1386.25,900,10,2026-02-27 20:53:16.782446,2026-02-27 20:53:17.744442,988649.9999999992
PAPER-1772205797,SENSEX 05MAR 81900 CE,"BB8, CBBR2",1383.45,1349.1,900,10,2026-02-27 20:53:17.909883,2026-02-27 20:53:18.324838,-309150.0000000012
PAPER-1772205798,SENSEX 05MAR 81900 CE,"BB17, CBB0, CBB4, Green",1354.05,1319.4,900,10,2026-02-27 20:53:18.410183,2026-02-27 20:53:18.577038,-311849.9999999988
PAPER-1772205798,SENSEX 05MAR 81900 CE,"BB17, Green",1319.95,1282.55,900,10,2026-02-27 20:53:18.917790,2026-02-27 20:53:19.261666,-336600.0000000008
PAPER-1772205799,SENSEX 05MAR 81900 CE,"BB12, BB17, Green",1275.95,1250.0,900,10,2026-02-27 20:53:19.722355,2026-02-27 20:53:20.072739,-233550.0000000004
PAPER-1772205804,SENSEX 05MAR 81900 CE,"NRCB, BB12",925.05,920.0,900,10,2026-02-27 20:53:24.022684,2026-02-27 20:53:25.237123,-45449.99999999959
PAPER-1772205805,SENSEX 05MAR 81900 CE,"BB13, Green",920.05,900.0,900,10,2026-02-27 20:53:25.711225,2026-02-27 20:53:25.904253,-180449.9999999996
PAPER-1772205805,SENSEX 05MAR 81900 CE,"BB13, Green",926.35,900.0,900,10,2026-02-27 20:53:25.905660,2026-02-27 20:53:26.001812,-237150.0000000002
PAPER-1772205806,SENSEX 05MAR 81900 CE,"BB12, BB17, Green",920.0,900.0,900,10,2026-02-27 20:53:26.674117,2026-02-27 20:53:26.964839,-180000.0
PAPER-1772205807,SENSEX 05MAR 81900 CE,"BB12, BB17, CBB0, CBB1, CBB3, Green",936.9,920.1,900,10,2026-02-27 20:53:27.943218,2026-02-27 20:53:28.348647,-151199.9999999996
PAPER-1772205808,SENSEX 05MAR 81900 CE,"CBBR2, CBBR7",935.0,890.0,900,10,2026-02-27 20:53:28.955395,2026-02-27 20:53:29.688398,-405000.0
PAPER-1772205810,SENSEX 05MAR 81900 CE,"CBBR1, CBBR2, CBBR3, CBBR6, CBBR7",910.0,885.15,900,10,2026-02-27 20:53:30.095549,2026-02-27 20:53:30.197961,-223650.0000000002
PAPER-1772205810,SENSEX 05MAR 81900 CE,"BB12, CBBR1, CBBR2, CBBR3, CBBR4, CBBR6",959.95,919.85,900,10,2026-02-27 20:53:30.302141,2026-02-27 20:53:30.405420,-360900.00000000023
PAPER-1772205810,SENSEX 05MAR 81900 CE,"BB12, CBBR1, CBBR2, CBBR3, CBBR4, CBBR6",959.95,930.25,900,10,2026-02-27 20:53:30.406783,2026-02-27 20:53:30.718390,-267300.0000000004
PAPER-1772205811,SENSEX 05MAR 81900 CE,"BB12, CBBR2",913.8,981.05,900,10,2026-02-27 20:53:31.028723,2026-02-27 20:53:32.171706,605250.0
PAPER-1772205812,SENSEX 05MAR 81900 CE,"CBBR2, CBBR7",910.0,999.9,900,10,2026-02-27 20:53:32.700273,2026-02-27 20:53:33.760889,809099.9999999998
PAPER-1772205814,SENSEX 05MAR 81900 CE,CBBR2,890.0,1010.2,900,10,2026-02-27 20:53:34.613240,2026-02-27 20:53:35.694570,1081800.0000000005
PAPER-1772205816,SENSEX 05MAR 81900 CE,CBBR2,995.0,950.0,900,10,2026-02-27 20:53:36.891397,2026-02-27 20:53:37.001771,-405000.0
PAPER-1772205819,SENSEX 05MAR 81900 CE,NRCB,927.9,994.85,900,10,2026-02-27 20:53:39.552537,2026-02-27 20:53:40.583451,602550.0000000005
PAPER-1772205826,SENSEX 05MAR 81900 CE,"BB12, BB17, Green",780.0,762.75,900,10,2026-02-27 20:53:46.921112,2026-02-27 20:53:47.041543,-155250.0
PAPER-1772205829,SENSEX 05MAR 81900 CE,CBBR6,761.35,742.25,900,10,2026-02-27 20:53:49.693496,2026-02-27 20:53:50.180213,-171900.0000000002
PAPER-1772205832,SENSEX 05MAR 81900 CE,"BB5, BB12, CBB0, CBB1, CBB2, CBB6, CBB7",753.0,727.55,900,10,2026-02-27 20:53:52.390400,2026-02-27 20:53:52.768010,-229050.0000000004
PAPER-1772205833,SENSEX 05MAR 81900 CE,"BB12, CBBR1",750.0,732.05,900,10,2026-02-27 20:53:53.916505,2026-02-27 20:53:54.549074,-161550.0000000004
PAPER-1772205835,SENSEX 05MAR 81900 CE,CBBR2,732.75,732.25,900,10,2026-02-27 20:53:55.053749,2026-02-27 20:53:56.446647,-4500.0
PAPER-1772205837,SENSEX 05MAR 81900 CE,"NRCB, BB12, CBB0, CBB6, CBB7",754.0,749.95,900,10,2026-02-27 20:53:57.462180,2026-02-27 20:53:58.237356,-36449.99999999959
PAPER-1772205839,SENSEX 05MAR 81900 CE,"CBBR2, CBBR7",741.95,809.6,900,10,2026-02-27 20:53:59.284936,2026-02-27 20:54:00.711435,608849.9999999998
PAPER-1772205845,SENSEX 05MAR 81900 CE,"CBBR2, CBBR7",815.0,615.75,900,10,2026-02-27 20:54:05.295644,2026-02-27 20:54:07.308898,-1793250.0
PAPER-1772205850,SENSEX 05MAR 81900 CE,"BB15, Green",583.1,566.95,900,10,2026-02-27 20:54:10.559761,2026-02-27 20:54:10.696297,-145349.9999999998
PAPER-1772205862,SENSEX 05MAR 81900 CE,"BB12, CBB0, CBB1, CBB3, CBB4",510.9,497.3,900,10,2026-02-27 20:54:22.551082,2026-02-27 20:54:22.695966,-122399.9999999997
PAPER-1772205862,SENSEX 05MAR 81900 CE,"BB12, CBB0, CBB1, CBB3, CBB4",510.9,508.45,900,10,2026-02-27 20:54:22.698388,2026-02-27 20:54:24.432133,-22049.999999999898
PAPER-1772205868,SENSEX 05MAR 81900 CE,"NRCB, BB12",474.4,472.75,900,10,2026-02-27 20:54:28.352433,2026-02-27 20:54:29.737146,-14849.999999999796
PAPER-1772205870,SENSEX 05MAR 81900 CE,"BB12, CBB0, CBB1, CBB4",489.75,486.1,900,10,2026-02-27 20:54:30.330520,2026-02-27 20:54:31.223548,-32849.999999999796
PAPER-1772205874,SENSEX 05MAR 81900 CE,"NRCB, BB12, CBBR3, CBBR6",471.7,461.9,900,10,2026-02-27 20:54:34.661593,2026-02-27 20:54:34.965564,-88200.0000000001
PAPER-1772205874,SENSEX 05MAR 81900 CE,"NRCB, CBBR3, CBBR6",476.6,463.75,900,10,2026-02-27 20:54:34.967012,2026-02-27 20:54:35.119328,-115650.0000000002
PAPER-1772205877,SENSEX 05MAR 81900 CE,CBBR6,459.0,437.05,900,10,2026-02-27 20:54:37.574943,2026-02-27 20:54:37.729085,-197549.99999999988
PAPER-1772205880,SENSEX 05MAR 81900 CE,"CBB0, CBB6, CBB7",451.45,439.0,900,10,2026-02-27 20:54:40.776475,2026-02-27 20:54:42.164087,-112049.9999999999
PAPER-1772205883,SENSEX 05MAR 81900 CE,"CBB0, CBB4",450.0,439.75,900,10,2026-02-27 20:54:43.715173,2026-02-27 20:54:43.872226,-92250.0
PAPER-1772205883,SENSEX 05MAR 81900 CE,"CBB0, CBB4",450.0,433.4,900,10,2026-02-27 20:54:43.873678,2026-02-27 20:54:44.968017,-149400.0000000002
PAPER-1772205885,SENSEX 05MAR 81900 CE,"BB12, CBBR3",452.0,429.05,900,10,2026-02-27 20:54:45.282434,2026-02-27 20:54:45.439970,-206549.99999999988
PAPER-1772205885,SENSEX 05MAR 81900 CE,CBBR3,456.95,439.3,900,10,2026-02-27 20:54:45.598245,2026-02-27 20:54:45.755357,-158849.9999999998
PAPER-1772205885,SENSEX 05MAR 81900 CE,CBBR3,456.95,446.2,900,10,2026-02-27 20:54:45.756748,2026-02-27 20:54:45.914134,-96750.0
PAPER-1772205888,SENSEX 05MAR 81900 CE,"BB12, BB13, CBBR3, CBBR5, Green",501.95,489.75,900,10,2026-02-27 20:54:48.268826,2026-02-27 20:54:48.588076,-109799.9999999999
PAPER-1772205888,SENSEX 05MAR 81900 CE,"BB12, BB13, CBBR3, CBBR5, Green",503.75,503.0,900,10,2026-02-27 20:54:48.590529,2026-02-27 20:54:49.228490,-6750.0
PAPER-1772205890,SENSEX 05MAR 81900 CE,"BB6, BB11, CBB0, CBB6",494.55,479.4,900,10,2026-02-27 20:54:50.654030,2026-02-27 20:54:50.813871,-136350.00000000032
PAPER-1772205896,SENSEX 05MAR 81900 CE,"BB12, CBB0, CBB3",436.25,426.2,900,10,2026-02-27 20:54:56.771223,2026-02-27 20:54:57.908816,-90450.0000000001
PAPER-1772205906,SENSEX 05MAR 81900 PE,"BB1, BB9, BB15, BB17, CBB0, CBB4, Green",472.95,450.0,900,10,2026-02-27 20:55:06.911257,2026-02-27 20:55:06.967704,-206549.99999999988
PAPER-1772205906,SENSEX 05MAR 81900 PE,"BB1, BB9, BB15, CBB0, CBB4, Green",472.95,440.1,900,10,2026-02-27 20:55:06.969238,2026-02-27 20:55:07.025374,-295649.9999999997
PAPER-1772205907,SENSEX 05MAR 81900 PE,"BB1, BB9, BB15, CBB0, CBB4, Green",472.95,440.0,900,10,2026-02-27 20:55:07.026749,2026-02-27 20:55:07.083845,-296549.9999999999
PAPER-1772205907,SENSEX 05MAR 81900 PE,"BB1, BB9, BB15, CBB0, CBB4, Green",472.95,435.0,900,10,2026-02-27 20:55:07.085214,2026-02-27 20:55:07.141045,-341549.9999999999
PAPER-1772205907,SENSEX 05MAR 81900 PE,"CBBR2, CBBR7",416.95,443.15,900,10,2026-02-27 20:55:07.869271,2026-02-27 20:55:08.389075,235799.99999999988
PAPER-1772205908,SENSEX 05MAR 81900 PE,CBBR2,385.6,377.6,900,10,2026-02-27 20:55:08.738190,2026-02-27 20:55:09.218522,-72000.0
PAPER-1772205909,SENSEX 05MAR 81900 PE,"BB12, BB17, CBB0, CBB4, Green",391.15,381.85,900,10,2026-02-27 20:55:09.521095,2026-02-27 20:55:09.646450,-83699.99999999959
PAPER-1772205909,SENSEX 05MAR 81900 PE,"CBB0, CBB4",391.15,379.25,900,10,2026-02-27 20:55:09.647894,2026-02-27 20:55:09.710680,-107099.9999999998
PAPER-1772205909,SENSEX 05MAR 81900 PE,"CBB0, CBB4",391.15,382.95,900,10,2026-02-27 20:55:09.712061,2026-02-27 20:55:10.025725,-73799.9999999999
PAPER-1772205910,SENSEX 05MAR 81900 PE,"BB13, CBB0, CBB2, CBB6, Green",399.75,375.0,900,10,2026-02-27 20:55:10.652882,2026-02-27 20:55:10.844488,-222750.0
PAPER-1772205912,SENSEX 05MAR 81900 PE,"BB12, BB17, CBB0, CBB6, CBB7, Green",360.45,356.25,900,10,2026-02-27 20:55:12.866147,2026-02-27 20:55:13.081831,-37799.9999999999
PAPER-1772205913,SENSEX 05MAR 81900 PE,"BB12, CBB0, CBB4",402.6,407.7,900,10,2026-02-27 20:55:13.297260,2026-02-27 20:55:13.586040,45899.999999999694
PAPER-1772205913,SENSEX 05MAR 81900 PE,"BB12, CBB0, CBB4",428.95,414.35,900,10,2026-02-27 20:55:13.587434,2026-02-27 20:55:13.800479,-131399.99999999968
PAPER-1772205914,SENSEX 05MAR 81900 PE,"CBBR2, CBBR7",422.4,411.15,900,10,2026-02-27 20:55:14.087190,2026-02-27 20:55:14.160111,-101250.0
PAPER-1772205914,SENSEX 05MAR 81900 PE,"CBBR2, CBBR7",422.4,398.2,900,10,2026-02-27 20:55:14.161508,2026-02-27 20:55:14.234464,-217799.99999999988
PAPER-1772205914,SENSEX 05MAR 81900 PE,"CBBR2, CBBR7",422.4,388.7,900,10,2026-02-27 20:55:14.235839,2026-02-27 20:55:14.308545,-303299.9999999999
PAPER-1772205914,SENSEX 05MAR 81900 PE,CBBR2,388.65,387.5,900,10,2026-02-27 20:55:14.742925,2026-02-27 20:55:15.035759,-10349.999999999796
PAPER-1772205916,SENSEX 05MAR 81900 PE,"BB12, BB17, Green",375.85,355.0,900,10,2026-02-27 20:55:16.458426,2026-02-27 20:55:16.535827,-187650.0000000002
PAPER-1772205917,SENSEX 05MAR 81900 PE,"BB12, BB17, Green",384.7,383.8,900,10,2026-02-27 20:55:17.080652,2026-02-27 20:55:18.194545,-8099.999999999795
PAPER-1772205918,SENSEX 05MAR 81900 PE,"CBB0, CBB3, CBB4",418.7,393.65,900,10,2026-02-27 20:55:18.278239,2026-02-27 20:55:18.358481,-225450.00000000012
PAPER-1772205919,SENSEX 05MAR 81900 PE,"BB17, Green",256.6,274.4,900,10,2026-02-27 20:55:19.891384,2026-02-27 20:55:21.311786,160199.9999999996
PAPER-1772205921,SENSEX 05MAR 81900 PE,"BB17, Green",276.35,276.3,900,10,2026-02-27 20:55:21.980017,2026-02-27 20:55:22.234083,-450.0000000001023
PAPER-1772205922,SENSEX 05MAR 81900 PE,"BB12, CBBR3, CBBR6",283.85,283.6,900,10,2026-02-27 20:55:22.746518,2026-02-27 20:55:23.005768,-2250.0
PAPER-1772205923,SENSEX 05MAR 81900 PE,"BB12, BB17, CBB0, CBB1, CBB4, CBB8, Green",302.0,331.6,900,10,2026-02-27 20:55:23.352982,2026-02-27 20:55:23.705902,266400.00000000023
PAPER-1772205927,SENSEX 05MAR 81900 PE,"BB12, BB17, CBB0, CBB1, CBB3, Green",319.65,302.0,900,10,2026-02-27 20:55:27.426519,2026-02-27 20:55:27.910726,-158849.9999999998
PAPER-1772205929,SENSEX 05MAR 81900 PE,"BB12, BB17, CBB0, CBB4, Green",339.5,328.95,900,10,2026-02-27 20:55:29.222568,2026-02-27 20:55:29.329042,-94950.0000000001
PAPER-1772205929,SENSEX 05MAR 81900 PE,"BB17, CBB0, CBB4, Green",339.5,328.45,900,10,2026-02-27 20:55:29.330514,2026-02-27 20:55:29.446235,-99450.0000000001
PAPER-1772205932,SENSEX 05MAR 81900 PE,"BB12, CBB0, CBB4",324.25,351.1,900,10,2026-02-27 20:55:32.637114,2026-02-27 20:55:33.390931,241650.0000000002
PAPER-1772205934,SENSEX 05MAR 81900 PE,"BB1, BB2, BB5, BB8, BB17, Green",408.65,398.55,900,10,2026-02-27 20:55:34.693058,2026-02-27 20:55:34.911219,-90899.9999999997
PAPER-1772205936,SENSEX 05MAR 81900 PE,"BB1, BB17, CBB0, Green",410.0,400.85,900,10,2026-02-27 20:55:36.995712,2026-02-27 20:55:37.106620,-82349.9999999998
PAPER-1772205937,SENSEX 05MAR 81900 PE,"BB13, CBBR1, Green",402.8,434.9,900,10,2026-02-27 20:55:37.664981,2026-02-27 20:55:38.569400,288899.9999999997
PAPER-1772205939,SENSEX 05MAR 81900 PE,"BB6, CBB0, CBB4, CBB8",426.3,414.6,900,10,2026-02-27 20:55:39.246112,2026-02-27 20:55:39.360667,-105299.9999999999
PAPER-1772205939,SENSEX 05MAR 81900 PE,"BB6, CBB0, CBB4, CBB8",426.3,415.0,900,10,2026-02-27 20:55:39.362130,2026-02-27 20:55:39.591538,-101700.0000000001
PAPER-1772205940,SENSEX 05MAR 81900 PE,"CBBR2, CBBR7",402.7,435.0,900,10,2026-02-27 20:55:40.503269,2026-02-27 20:55:41.795975,290700.0000000001
PAPER-1772205942,SENSEX 05MAR 81900 PE,CBBR2,424.95,415.15,900,10,2026-02-27 20:55:42.260524,2026-02-27 20:55:42.377326,-88200.0000000001
PAPER-1772205942,SENSEX 05MAR 81900 PE,CBBR2,424.95,401.6,900,10,2026-02-27 20:55:42.378783,2026-02-27 20:55:42.845100,-210149.99999999968
PAPER-1772205943,SENSEX 05MAR 81900 PE,NRCB,385.0,375.5,900,10,2026-02-27 20:55:43.662133,2026-02-27 20:55:44.019471,-85500.0
PAPER-1772205944,SENSEX 05MAR 81900 PE,NRCB,391.3,379.25,900,10,2026-02-27 20:55:44.020910,2026-02-27 20:55:44.139201,-108450.0000000001
PAPER-1772205944,SENSEX 05MAR 81900 PE,"BB1, BB17, Green",382.55,369.35,900,10,2026-02-27 20:55:44.495309,2026-02-27 20:55:44.732552,-118799.9999999999
PAPER-1772205945,SENSEX 05MAR 81900 PE,"BB1, BB2, BB5, BB12, BB17, Green",394.15,434.8,900,10,2026-02-27 20:55:45.329661,2026-02-27 20:55:46.534653,365850.0000000003
PAPER-1772205947,SENSEX 05MAR 81900 PE,"BB8, BB12, CBB0, CBB5, CBB6, Green",450.0,423.3,900,10,2026-02-27 20:55:47.260213,2026-02-27 20:55:47.384968,-240299.99999999988
PAPER-1772205947,SENSEX 05MAR 81900 PE,"BB8, BB12, CBB0, CBB5, Green",450.0,424.0,900,10,2026-02-27 20:55:47.387180,2026-02-27 20:55:47.510105,-234000.0
PAPER-1772205947,SENSEX 05MAR 81900 PE,"BB8, BB12, CBB0, CBB5, Green",450.0,431.45,900,10,2026-02-27 20:55:47.524314,2026-02-27 20:55:47.646139,-166950.00000000012
PAPER-1772205947,SENSEX 05MAR 81900 PE,"BB12, CBB0, CBB3",453.95,463.0,900,10,2026-02-27 20:55:47.771220,2026-02-27 20:55:48.632439,81450.0000000001
PAPER-1772205948,SENSEX 05MAR 81900 PE,"BB8, BB12, CBBR2",469.2,524.15,900,10,2026-02-27 20:55:48.757996,2026-02-27 20:55:50.624267,494549.9999999999
PAPER-1772205952,SENSEX 05MAR 81900 PE,"CBBR2, CBBR7",491.0,476.3,900,10,2026-02-27 20:55:52.372030,2026-02-27 20:55:52.627026,-132299.99999999988
PAPER-1772205952,SENSEX 05MAR 81900 PE,"CBBR2, CBBR7",491.0,610.85,900,10,2026-02-27 20:55:52.628483,2026-02-27 20:55:54.296987,1078650.0000000002
PAPER-1772205955,SENSEX 05MAR 81900 PE,"BB5, BB6, BB17, CBB0, Green",574.2,570.0,900,10,2026-02-27 20:55:55.606262,2026-02-27 20:55:56.125238,-37800.00000000041
PAPER-1772205957,SENSEX 05MAR 81900 PE,"CBBR2, CBBR7",523.2,531.9,900,10,2026-02-27 20:55:57.033122,2026-02-27 20:55:57.821198,78299.99999999939
PAPER-1772205959,SENSEX 05MAR 81900 PE,"BB9, BB17, Green",509.25,518.0,900,10,2026-02-27 20:55:59.397737,2026-02-27 20:55:59.798371,78750.0
PAPER-1772205961,SENSEX 05MAR 81900 PE,CBBR2,535.9,531.15,900,10,2026-02-27 20:56:01.790376,2026-02-27 20:56:02.058151,-42750.0
PAPER-1772205964,SENSEX 05MAR 81900 PE,"BB1, BB12, CBB0, CBB4",520.0,507.5,900,10,2026-02-27 20:56:04.479565,2026-02-27 20:56:04.616295,-112500.0
PAPER-1772205964,SENSEX 05MAR 81900 PE,"BB1, CBB0, CBB4",520.0,501.8,900,10,2026-02-27 20:56:04.618856,2026-02-27 20:56:05.031403,-163799.99999999988
PAPER-1772205975,SENSEX 05MAR 81900 PE,"BB12, BB17, Green",223.25,218.55,900,10,2026-02-27 20:56:15.639914,2026-02-27 20:56:17.076595,-42299.9999999999
PAPER-1772205977,SENSEX 05MAR 81900 PE,"BB12, BB17, Green",227.75,222.45,900,10,2026-02-27 20:56:17.512061,2026-02-27 20:56:17.656614,-47700.0000000001
PAPER-1772205981,SENSEX 05MAR 81900 PE,"BB12, BB17, CBB0, CBB1, CBB3, Green",235.0,230.0,900,10,2026-02-27 20:56:21.299640,2026-02-27 20:56:22.340432,-45000.0
PAPER-1772205983,SENSEX 05MAR 81900 PE,CBBR5,237.95,238.0,900,10,2026-02-27 20:56:23.876381,2026-02-27 20:56:24.629091,450.0000000001023
PAPER-1772205985,SENSEX 05MAR 81900 PE,"CBB0, CBB4",240.05,337.9,900,10,2026-02-27 20:56:25.086293,2026-02-27 20:56:28.160620,880649.9999999997
PAPER-1772205990,SENSEX 05MAR 81900 PE,"BB8, CBBR2, CBBR7",396.5,383.0,900,10,2026-02-27 20:56:30.343889,2026-02-27 20:56:30.501398,-121500.0
PAPER-1772205990,SENSEX 05MAR 81900 PE,"BB8, CBBR2, CBBR7",396.5,424.1,900,10,2026-02-27 20:56:30.502830,2026-02-27 20:56:31.606304,248400.0000000002
PAPER-1772205993,SENSEX 05MAR 81900 PE,"CBB0, CBB4",418.7,400.0,900,10,2026-02-27 20:56:33.333381,2026-02-27 20:56:33.492006,-168299.99999999988
PAPER-1772205993,SENSEX 05MAR 81900 PE,"CBB0, CBB4",418.7,401.4,900,10,2026-02-27 20:56:33.494069,2026-02-27 20:56:33.653154,-155700.00000000012
PAPER-1772205993,SENSEX 05MAR 81900 PE,"CBB0, CBB4",418.7,395.0,900,10,2026-02-27 20:56:33.654642,2026-02-27 20:56:33.813978,-213299.99999999988
PAPER-1772205993,SENSEX 05MAR 81900 PE,"CBB0, CBB4",418.7,397.7,900,10,2026-02-27 20:56:33.815348,2026-02-27 20:56:33.974103,-189000.0
PAPER-1772205997,SENSEX 05MAR 81900 PE,CBBR2,422.35,419.25,900,10,2026-02-27 20:56:37.140507,2026-02-27 20:56:38.102410,-27900.000000000204
PAPER-1772205999,SENSEX 05MAR 81900 PE,"CBBR1, CBBR3, CBBR6",419.35,451.9,900,10,2026-02-27 20:56:39.413098,2026-02-27 20:56:40.577185,292949.9999999996
PAPER-1772206001,SENSEX 05MAR 81900 PE,"BB8, CBBR2",424.2,396.75,900,10,2026-02-27 20:56:41.389824,2026-02-27 20:56:41.719205,-247049.99999999988
PAPER-1772206001,SENSEX 05MAR 81900 PE,"BB8, CBBR2",424.2,390.0,900,10,2026-02-27 20:56:41.720581,2026-02-27 20:56:41.885207,-307799.9999999999
PAPER-1772206001,SENSEX 05MAR 81900 PE,"BB8, CBBR2",424.2,392.1,900,10,2026-02-27 20:56:41.886509,2026-02-27 20:56:42.050229,-288899.9999999997
PAPER-1772206003,SENSEX 05MAR 81900 PE,"NRCB, BB8",415.45,388.1,900,10,2026-02-27 20:56:43.033301,2026-02-27 20:56:43.693873,-246149.99999999968
PAPER-1772206005,SENSEX 05MAR 81900 PE,"BB9, BB17, CBB0, CBB1, CBB2, CBB6, CBB7, Green",425.9,426.0,900,10,2026-02-27 20:56:45.175481,2026-02-27 20:56:46.335321,900.0000000002046
PAPER-1772206013,SENSEX 05MAR 81900 PE,"BB13, Green",344.3,365.15,900,10,2026-02-27 20:56:53.025340,2026-02-27 20:56:53.539159,187649.99999999968
PAPER-1772206013,SENSEX 05MAR 81900 PE,"BB12, BB13, Green",377.4,354.85,900,10,2026-02-27 20:56:53.541663,2026-02-27 20:56:54.050864,-202949.9999999996
PAPER-1772206018,SENSEX 05MAR 81900 PE,"BB5, BB12, CBB0, CBB1, CBB2, CBB5, CBB7, Green",363.95,338.15,900,10,2026-02-27 20:56:58.853076,2026-02-27 20:56:59.026267,-232200.00000000012
PAPER-1772206019,SENSEX 05MAR 81900 PE,"BB5, BB12, CBB0, CBB1, CBB2, CBB5, CBB7, Green",363.95,339.25,900,10,2026-02-27 20:56:59.027749,2026-02-27 20:56:59.201415,-222299.99999999988
PAPER-1772206019,SENSEX 05MAR 81900 PE,"BB5, BB12, CBB0, CBB1, CBB2, CBB5, CBB7, Green",363.95,351.95,900,10,2026-02-27 20:56:59.202800,2026-02-27 20:56:59.376009,-108000.0
PAPER-1772206019,SENSEX 05MAR 81900 PE,"BB5, BB12, CBB0, CBB1, CBB2, CBB5, CBB7, Green",363.95,340.0,900,10,2026-02-27 20:56:59.377415,2026-02-27 20:56:59.551466,-215549.99999999988
PAPER-1772206019,SENSEX 05MAR 81900 PE,"BB5, BB12, CBB0, CBB1, CBB2, CBB5, CBB7, Green",363.95,336.85,900,10,2026-02-27 20:56:59.552850,2026-02-27 20:56:59.726560,-243899.99999999968
PAPER-1772206023,SENSEX 05MAR 81900 PE,"BB12, BB17, CBB0, Green",302.25,295.0,900,10,2026-02-27 20:57:03.547310,2026-02-27 20:57:04.250333,-65250.0
PAPER-1772206029,SENSEX 05MAR 81900 PE,"CBB0, CBB4",320.0,346.1,900,10,2026-02-27 20:57:09.354050,2026-02-27 20:57:10.429204,234900.0000000002
PAPER-1772206035,SENSEX 05MAR 81900 PE,"BB13, Green",292.4,349.9,900,10,2026-02-27 20:57:15.262645,2026-02-27 20:57:17.111091,517500.0
PAPER-1772206040,SENSEX 05MAR 81900 PE,"BB1, BB2, BB5, CBB0, CBB6, Green",400.75,395.0,900,10,2026-02-27 20:57:20.016048,2026-02-27 20:57:20.385417,-51750.0
PAPER-1772206040,SENSEX 05MAR 81900 PE,"BB1, BB2, BB5, Green",412.4,394.55,900,10,2026-02-27 20:57:20.396549,2026-02-27 20:57:20.766430,-160649.99999999968
PAPER-1772206043,SENSEX 05MAR 81900 PE,"CBB0, CBB8",396.0,385.95,900,10,2026-02-27 20:57:23.520581,2026-02-27 20:57:23.893638,-90450.0000000001
PAPER-1772206043,SENSEX 05MAR 81900 PE,"CBB0, CBB8",396.0,474.05,900,10,2026-02-27 20:57:23.895115,2026-02-27 20:57:24.825666,702450.0000000001
PAPER-1772206049,SENSEX 05MAR 81900 PE,CBBR2,427.8,444.55,900,10,2026-02-27 20:57:29.098869,2026-02-27 20:57:32.122668,150750.0
PAPER-1772206054,SENSEX 05MAR 81900 PE,"BB1, BB9, BB17, CBB0, CBB3, CBB4, Green",453.1,440.05,900,10,2026-02-27 20:57:34.005055,2026-02-27 20:57:34.195480,-117450.0000000001
PAPER-1772206054,SENSEX 05MAR 81900 PE,"BB1, BB9, CBB0, CBB3, CBB4",453.1,441.75,900,10,2026-02-27 20:57:34.197877,2026-02-27 20:57:34.389234,-102150.0000000002
PAPER-1772206054,SENSEX 05MAR 81900 PE,"BB1, BB9, CBB0, CBB3, CBB4",453.1,457.75,900,10,2026-02-27 20:57:34.391135,2026-02-27 20:57:35.345169,41849.999999999796
PAPER-1772206059,SENSEX 05MAR 81900 PE,"CBBR2, CBBR7",445.8,436.2,900,10,2026-02-27 20:57:39.573797,2026-02-27 20:57:39.766829,-86400.0000000002
PAPER-1772206059,SENSEX 05MAR 81900 PE,"CBBR2, CBBR7",446.15,434.25,900,10,2026-02-27 20:57:39.768326,2026-02-27 20:57:40.157781,-107099.9999999998
PAPER-1772206060,SENSEX 05MAR 81900 PE,"CBBR2, CBBR7",446.15,431.9,900,10,2026-02-27 20:57:40.159167,2026-02-27 20:57:40.351842,-128250.0
PAPER-1772206060,SENSEX 05MAR 81900 PE,"CBBR2, CBBR7",446.15,424.25,900,10,2026-02-27 20:57:40.353212,2026-02-27 20:57:41.892385,-197099.9999999998
PAPER-1772206064,SENSEX 05MAR 81900 PE,"NRCB, BB9",451.85,432.4,900,10,2026-02-27 20:57:44.202897,2026-02-27 20:57:44.976116,-175050.0000000004
PAPER-1772206067,SENSEX 05MAR 81900 PE,"NRCB, CBB0",425.0,416.0,900,10,2026-02-27 20:57:47.495286,2026-02-27 20:57:48.279608,-81000.0
PAPER-1772206081,SENSEX 05MAR 81900 PE,"BB12, CBB0, CBB1, CBB3, CBB4",464.0,441.25,900,10,2026-02-27 20:58:01.095697,2026-02-27 20:58:01.296506,-204750.0
PAPER-1772206081,SENSEX 05MAR 81900 PE,"BB12, CBB0, CBB1, CBB3, CBB4",464.0,450.1,900,10,2026-02-27 20:58:01.297946,2026-02-27 20:58:01.499450,-125099.9999999998
PAPER-1772206081,SENSEX 05MAR 81900 PE,"BB12, CBB0, CBB1, CBB3, CBB4",464.0,470.0,900,10,2026-02-27 20:58:01.500831,2026-02-27 20:58:01.904066,54000.0
PAPER-1772206081,SENSEX 05MAR 81900 PE,"BB12, CBB0, CBB1, CBB3, CBB4",488.15,466.6,900,10,2026-02-27 20:58:01.905447,2026-02-27 20:58:02.106397,-193949.9999999996
PAPER-1772206085,SENSEX 05MAR 81900 PE,"BB8, BB12, BB13, BB16, Green",515.95,514.75,900,10,2026-02-27 20:58:05.115288,2026-02-27 20:58:05.521781,-10800.00000000041
PAPER-1772206085,SENSEX 05MAR 81900 PE,"NRCB, BB8, BB13, BB16, CBBR3, Green",531.8,502.35,900,10,2026-02-27 20:58:05.523245,2026-02-27 20:58:05.726873,-265049.99999999936
PAPER-1772206085,SENSEX 05MAR 81900 PE,"NRCB, BB8, BB13, BB16, CBBR3, Green",531.8,474.0,900,10,2026-02-27 20:58:05.728296,2026-02-27 20:58:05.932047,-520199.9999999996
PAPER-1772206085,SENSEX 05MAR 81900 PE,"NRCB, BB8, BB13, BB16, CBBR3, Green",531.8,488.15,900,10,2026-02-27 20:58:05.933417,2026-02-27 20:58:06.136759,-392849.99999999977
PAPER-1772206093,SENSEX 05MAR 81900 PE,"BB13, CBBR5, Green",571.15,606.0,900,10,2026-02-27 20:58:13.251296,2026-02-27 20:58:14.701158,313650.00000000023
PAPER-1772206096,SENSEX 05MAR 81900 PE,CBBR2,563.15,546.0,900,10,2026-02-27 20:58:16.352795,2026-02-27 20:58:16.561299,-154349.9999999998
PAPER-1772206096,SENSEX 05MAR 81900 PE,CBBR2,563.15,528.65,900,10,2026-02-27 20:58:16.562732,2026-02-27 20:58:16.771186,-310500.0
PAPER-1772206096,SENSEX 05MAR 81900 PE,CBBR2,563.15,540.0,900,10,2026-02-27 20:58:16.772566,2026-02-27 20:58:16.983328,-208349.9999999998
PAPER-1772206096,SENSEX 05MAR 81900 PE,CBBR2,563.15,545.0,900,10,2026-02-27 20:58:16.984732,2026-02-27 20:58:17.196550,-163349.9999999998
PAPER-1772206097,SENSEX 05MAR 81900 PE,CBBR2,563.15,533.15,900,10,2026-02-27 20:58:17.198406,2026-02-27 20:58:17.406542,-270000.0
PAPER-1772206098,SENSEX 05MAR 81900 PE,CBBR6,558.5,555.0,900,10,2026-02-27 20:58:18.656549,2026-02-27 20:58:19.938689,-31500.0
PAPER-1772206101,SENSEX 05MAR 81900 PE,"BB12, CBB0, CBB4",585.45,571.6,900,10,2026-02-27 20:58:21.394068,2026-02-27 20:58:22.847568,-124650.0000000002
PAPER-1772206103,SENSEX 05MAR 81900 PE,CBBR2,552.05,540.85,900,10,2026-02-27 20:58:23.685519,2026-02-27 20:58:24.107082,-100799.99999999939
PAPER-1772206104,SENSEX 05MAR 81900 PE,CBBR2,553.65,536.0,900,10,2026-02-27 20:58:24.108543,2026-02-27 20:58:24.319696,-158849.9999999998
PAPER-1772206104,SENSEX 05MAR 81900 PE,CBBR2,553.65,526.0,900,10,2026-02-27 20:58:24.321108,2026-02-27 20:58:24.532489,-248849.9999999998
PAPER-1772206104,SENSEX 05MAR 81900 PE,CBBR2,553.65,538.0,900,10,2026-02-27 20:58:24.533852,2026-02-27 20:58:24.744333,-140849.9999999998
PAPER-1772206106,SENSEX 05MAR 81900 PE,"BB11, CBB0, CBB7",548.8,535.8,900,10,2026-02-27 20:58:26.837836,2026-02-27 20:58:27.049307,-117000.0
PAPER-1772206107,SENSEX 05MAR 81900 PE,"BB11, CBB0, CBB7",548.9,599.5,900,10,2026-02-27 20:58:27.050760,2026-02-27 20:58:29.375405,455400.00000000023
PAPER-1772206116,SENSEX 05MAR 81900 PE,"BB13, Green",577.05,615.25,900,10,2026-02-27 20:58:36.392101,2026-02-27 20:58:39.397546,343800.0000000004
PAPER-1772206121,SENSEX 05MAR 81900 PE,"BB8, CBBR2",593.5,577.8,900,10,2026-02-27 20:58:41.769504,2026-02-27 20:58:42.230768,-141300.0000000004
PAPER-1772206122,SENSEX 05MAR 81900 PE,"BB8, CBBR2",595.5,601.0,900,10,2026-02-27 20:58:42.232265,2026-02-27 20:58:45.286882,49500.0
PAPER-1772206130,SENSEX 05MAR 81900 PE,CBBR2,618.2,604.2,900,10,2026-02-27 20:58:50.510277,2026-02-27 20:58:50.730755,-126000.0
PAPER-1772206130,SENSEX 05MAR 81900 PE,CBBR2,619.95,603.6,900,10,2026-02-27 20:58:50.732224,2026-02-27 20:58:50.954572,-147150.0000000002
PAPER-1772206130,SENSEX 05MAR 81900 PE,CBBR2,619.95,605.6,900,10,2026-02-27 20:58:50.955954,2026-02-27 20:58:51.620927,-129150.0000000002
PAPER-1772206135,SENSEX 05MAR 81900 PE,"CBBR2, CBBR7",614.25,590.5,900,10,2026-02-27 20:58:55.809769,2026-02-27 20:58:56.253196,-213750.0
PAPER-1772206142,SENSEX 05MAR 81900 PE,"BB5, BB11, BB12, CBB0, Green",532.65,510.45,900,10,2026-02-27 20:59:02.706440,2026-02-27 20:59:03.388888,-199799.99999999988
PAPER-1772206143,SENSEX 05MAR 81900 PE,"NRCB, BB5, BB11, BB12, Green",547.0,511.0,900,10,2026-02-27 20:59:03.391603,2026-02-27 20:59:03.617486,-324000.0
PAPER-1772206143,SENSEX 05MAR 81900 PE,"NRCB, BB5, BB11, BB12, Green",547.0,507.95,900,10,2026-02-27 20:59:03.619364,2026-02-27 20:59:03.845315,-351450.0000000001
PAPER-1772206151,SENSEX 05MAR 81900 PE,"BB11, BB17, CBB0, Green",600.35,579.3,900,10,2026-02-27 20:59:11.766191,2026-02-27 20:59:12.455501,-189450.0000000006
PAPER-1772206152,SENSEX 05MAR 81900 PE,"BB11, CBB0, CBB1, CBB2, CBB7",606.65,578.2,900,10,2026-02-27 20:59:12.456990,2026-02-27 20:59:12.688111,-256049.9999999994
PAPER-1772206152,SENSEX 05MAR 81900 PE,"BB11, CBB0, CBB1, CBB2, CBB7",606.65,569.3,900,10,2026-02-27 20:59:12.689523,2026-02-27 20:59:12.920224,-336150.00000000023
PAPER-1772206155,SENSEX 05MAR 81900 PE,"BB12, CBBR3",706.05,703.55,900,10,2026-02-27 20:59:15.211788,2026-02-27 20:59:15.442805,-22500.0
PAPER-1772206155,SENSEX 05MAR 81900 PE,"NRCB, CBBR3",752.35,746.3,900,10,2026-02-27 20:59:15.444296,2026-02-27 20:59:15.676097,-54450.00000000061
PAPER-1772206155,SENSEX 05MAR 81900 PE,"NRCB, CBBR3",770.5,910.35,900,10,2026-02-27 20:59:15.677502,2026-02-27 20:59:16.830593,1258650.0000000002
PAPER-1772206159,SENSEX 05MAR 81900 PE,CBBR2,794.55,772.2,900,10,2026-02-27 20:59:19.818214,2026-02-27 20:59:21.212635,-201149.99999999919
PAPER-1772206163,SENSEX 05MAR 82000 CE,"BB2, BB15, Green",1190.25,1140.0,900,10,2026-02-27 20:59:23.428886,2026-02-27 20:59:23.532660,-452250.0
PAPER-1772206163,SENSEX 05MAR 82000 CE,"BB2, BB15, Green",1190.25,1117.95,900,10,2026-02-27 20:59:23.535205,2026-02-27 20:59:23.608451,-650699.9999999995
PAPER-1772206163,SENSEX 05MAR 82000 CE,"BB2, BB15, Green",1190.25,1092.15,900,10,2026-02-27 20:59:23.609931,2026-02-27 20:59:23.659140,-882899.9999999992
PAPER-1772206164,SENSEX 05MAR 82000 CE,"BB2, BB10, BB11, BB12, BB15, Green",1202.7,1158.9,900,10,2026-02-27 20:59:24.096553,2026-02-27 20:59:24.348121,-394199.9999999996
PAPER-1772206164,SENSEX 05MAR 82000 CE,"BB12, BB15, BB17, Green",1309.45,1275.0,900,10,2026-02-27 20:59:24.646806,2026-02-27 20:59:24.698461,-310050.0000000004
PAPER-1772206164,SENSEX 05MAR 82000 CE,"BB12, BB15, Green",1309.45,1250.35,900,10,2026-02-27 20:59:24.699862,2026-02-27 20:59:24.751190,-531900.0000000013
PAPER-1772206164,SENSEX 05MAR 82000 CE,"BB12, BB15, Green",1309.45,1281.25,900,10,2026-02-27 20:59:24.752546,2026-02-27 20:59:24.803063,-253800.0000000004
PAPER-1772206165,SENSEX 05MAR 82000 CE,"BB5, BB12, BB17, CBB0, CBB1, CBB2, CBB5, CBB6, CBB7, Green",1400.0,1356.95,900,10,2026-02-27 20:59:25.319832,2026-02-27 20:59:25.373644,-387449.9999999996
PAPER-1772206165,SENSEX 05MAR 82000 CE,"BB5, BB12, CBB0, CBB1, CBB2, CBB5, CBB6, CBB7",1400.0,1498.2,900,10,2026-02-27 20:59:25.375056,2026-02-27 20:59:25.912477,883800.0000000005
PAPER-1772206166,SENSEX 05MAR 82000 CE,CBBR2,1544.95,1644.15,900,10,2026-02-27 20:59:26.080041,2026-02-27 20:59:26.480954,892800.0000000005
PAPER-1772206167,SENSEX 05MAR 82000 CE,"BB17, CBB0, CBB4, Green",1600.0,1780.0,900,10,2026-02-27 20:59:27.616691,2026-02-27 20:59:28.320346,1620000.0
PAPER-1772206169,SENSEX 05MAR 82000 CE,"CBB0, CBB4",1751.0,1680.0,900,10,2026-02-27 20:59:29.046962,2026-02-27 20:59:29.322736,-639000.0
PAPER-1772206169,SENSEX 05MAR 82000 CE,"BB17, Green",1648.0,1646.35,900,10,2026-02-27 20:59:29.826644,2026-02-27 20:59:30.742278,-14850.000000000819
PAPER-1772206171,SENSEX 05MAR 82000 CE,"BB5, BB17, Green",1662.0,1590.0,900,10,2026-02-27 20:59:31.249652,2026-02-27 20:59:31.465524,-648000.0
PAPER-1772206172,SENSEX 05MAR 82000 CE,"BB17, Green",1621.0,1600.0,900,10,2026-02-27 20:59:32.428716,2026-02-27 20:59:33.039344,-189000.0
PAPER-1772206173,SENSEX 05MAR 82000 CE,"BB1, BB2, BB5, BB12, BB15, Green",1703.0,1650.0,900,10,2026-02-27 20:59:33.508697,2026-02-27 20:59:33.587099,-477000.0
PAPER-1772206181,SENSEX 05MAR 82000 CE,"BB2, BB12, CBB0, CBB1, CBB2, CBB6, CBB7, Green",1170.05,1145.65,900,10,2026-02-27 20:59:41.743123,2026-02-27 20:59:43.389071,-219599.99999999878
PAPER-1772206183,SENSEX 05MAR 82000 CE,"BB12, CBB0, CBB1, CBB3",1187.75,1148.55,900,10,2026-02-27 20:59:43.853244,2026-02-27 20:59:43.947769,-352800.0000000004
PAPER-1772206183,SENSEX 05MAR 82000 CE,"CBB0, CBB1, CBB3",1187.75,1147.25,900,10,2026-02-27 20:59:43.949119,2026-02-27 20:59:44.043462,-364500.0
PAPER-1772206184,SENSEX 05MAR 82000 CE,"CBB0, CBB1, CBB3",1187.75,1127.25,900,10,2026-02-27 20:59:44.044762,2026-02-27 20:59:44.138016,-544500.0
PAPER-1772206191,SENSEX 05MAR 82000 CE,"BB12, BB13, Green",980.0,959.15,900,10,2026-02-27 20:59:51.343718,2026-02-27 20:59:52.255192,-187650.0000000002
PAPER-1772206195,SENSEX 05MAR 82000 CE,"BB12, CBB0, CBB4",946.4,915.7,900,10,2026-02-27 20:59:55.533876,2026-02-27 20:59:56.168695,-276299.99999999936
PAPER-1772206196,SENSEX 05MAR 82000 CE,"BB12, CBB0, CBB6, CBBR3",962.7,954.6,900,10,2026-02-27 20:59:56.902925,2026-02-27 20:59:58.385145,-72900.0000000002
PAPER-1772206199,SENSEX 05MAR 82000 CE,CBBR3,993.0,971.8,900,10,2026-02-27 20:59:59.921539,2026-02-27 21:00:00.465019,-190800.0000000004
PAPER-1772206201,SENSEX 05MAR 82000 CE,"CBB0, CBB4, CBB8",971.8,951.85,900,10,2026-02-27 21:00:01.224291,2026-02-27 21:00:01.554322,-179549.9999999994
PAPER-1772206201,SENSEX 05MAR 82000 CE,"CBB0, CBB4, CBB8",980.0,960.35,900,10,2026-02-27 21:00:01.555797,2026-02-27 21:00:02.426538,-176849.9999999998
PAPER-1772206203,SENSEX 05MAR 82000 CE,"CBB0, CBB6",965.0,1145.65,900,10,2026-02-27 21:00:03.523343,2026-02-27 21:00:05.858788,1625850.000000001
PAPER-1772206205,SENSEX 05MAR 82000 CE,"BB8, BB12, CBB0, CBB3, CBB4, Green",1196.0,1149.5,900,10,2026-02-27 21:00:05.860252,2026-02-27 21:00:05.974725,-418500.0
PAPER-1772206205,SENSEX 05MAR 82000 CE,"BB8, BB12, CBB0, CBB3, CBB4, Green",1196.0,1166.35,900,10,2026-02-27 21:00:05.976099,2026-02-27 21:00:06.088762,-266850.0000000008
PAPER-1772206206,SENSEX 05MAR 82000 CE,"BB8, BB12, CBB0, CBB3, CBB4, Green",1196.0,1195.15,900,10,2026-02-27 21:00:06.090109,2026-02-27 21:00:07.436288,-7649.9999999991815
PAPER-1772206209,SENSEX 05MAR 82000 CE,"BB16, CBBR1, Green",1200.0,1311.6,900,10,2026-02-27 21:00:09.825498,2026-02-27 21:00:12.400364,1004399.9999999992
PAPER-1772206213,SENSEX 05MAR 82000 CE,"CBBR2, CBBR7",1296.2,1255.45,900,10,2026-02-27 21:00:13.102062,2026-02-27 21:00:14.523082,-366750.0
PAPER-1772206215,SENSEX 05MAR 82000 CE,CBBR2,1238.65,1207.7,900,10,2026-02-27 21:00:15.950777,2026-02-27 21:00:16.910125,-278550.0000000004
PAPER-1772206217,SENSEX 05MAR 82000 CE,"NRCB, BB12, CBB0, CBB4",1196.5,1140.65,900,10,2026-02-27 21:00:17.762444,2026-02-27 21:00:18.743912,-502649.9999999992
PAPER-1772206219,SENSEX 05MAR 82000 CE,NRCB,1178.0,1137.7,900,10,2026-02-27 21:00:19.115597,2026-02-27 21:00:19.364924,-362699.9999999996
PAPER-1772206225,SENSEX 05MAR 82000 CE,"BB12, BB13, Green",865.0,840.0,900,10,2026-02-27 21:00:25.645585,2026-02-27 21:00:27.741550,-225000.0
PAPER-1772206227,SENSEX 05MAR 82000 CE,"BB17, Green",879.95,837.7,900,10,2026-02-27 21:00:27.743034,2026-02-27 21:00:27.875643,-380250.0
PAPER-1772206234,SENSEX 05MAR 82000 CE,"BB2, BB12, CBB0, CBB1, CBB4",863.1,857.45,900,10,2026-02-27 21:00:34.700111,2026-02-27 21:00:35.659070,-50849.999999999796
PAPER-1772206237,SENSEX 05MAR 82000 CE,"BB1, CBB0, CBB1, CBB2, CBB6, CBB7",883.65,865.1,900,10,2026-02-27 21:00:37.175622,2026-02-27 21:00:37.735386,-166949.9999999996
PAPER-1772206237,SENSEX 05MAR 82000 CE,"BB1, CBB0, CBB1, CBB2, CBB6, CBB7",883.65,855.35,900,10,2026-02-27 21:00:37.737867,2026-02-27 21:00:37.876932,-254699.9999999996
PAPER-1772206239,SENSEX 05MAR 82000 CE,"CBBR2, CBBR7",840.0,854.9,900,10,2026-02-27 21:00:39.700451,2026-02-27 21:00:41.229244,134099.9999999998
PAPER-1772206242,SENSEX 05MAR 82000 CE,CBBR6,863.65,925.55,900,10,2026-02-27 21:00:42.628519,2026-02-27 21:00:44.896765,557099.9999999998
PAPER-1772206244,SENSEX 05MAR 82000 CE,"CBB0, CBB3",996.8,953.75,900,10,2026-02-27 21:00:44.898283,2026-02-27 21:00:45.042562,-387449.9999999996
PAPER-1772206245,SENSEX 05MAR 82000 CE,"BB12, CBB0, CBB3",996.8,909.4,900,10,2026-02-27 21:00:45.043954,2026-02-27 21:00:45.187309,-786599.9999999998
PAPER-1772206245,SENSEX 05MAR 82000 CE,"CBB0, CBB3",996.8,920.0,900,10,2026-02-27 21:00:45.189400,2026-02-27 21:00:45.333388,-691199.9999999995
PAPER-1772206245,SENSEX 05MAR 82000 CE,"CBB0, CBB3",996.8,920.0,900,10,2026-02-27 21:00:45.334732,2026-02-27 21:00:45.479994,-691199.9999999995
PAPER-1772206247,SENSEX 05MAR 82000 CE,"BB2, BB15, CBB0, Green",869.0,920.45,900,10,2026-02-27 21:00:47.478613,2026-02-27 21:00:48.628741,463050.0000000004
PAPER-1772206250,SENSEX 05MAR 82000 CE,CBBR2,827.8,826.2,900,10,2026-02-27 21:00:50.506891,2026-02-27 21:00:50.799626,-14399.999999999181
PAPER-1772206250,SENSEX 05MAR 82000 CE,CBBR2,849.65,815.55,900,10,2026-02-27 21:00:50.801082,2026-02-27 21:00:50.948152,-306900.00000000023
PAPER-1772206250,SENSEX 05MAR 82000 CE,CBBR2,849.65,946.85,900,10,2026-02-27 21:00:50.949530,2026-02-27 21:00:52.408889,874800.0000000005
PAPER-1772206254,SENSEX 05MAR 82000 CE,CBBR2,936.0,911.9,900,10,2026-02-27 21:00:54.202929,2026-02-27 21:00:54.352127,-216900.0000000002
PAPER-1772206254,SENSEX 05MAR 82000 CE,CBBR2,936.0,896.0,900,10,2026-02-27 21:00:54.353575,2026-02-27 21:00:54.502661,-360000.0
PAPER-1772206254,SENSEX 05MAR 82000 CE,CBBR2,936.0,905.45,900,10,2026-02-27 21:00:54.504033,2026-02-27 21:00:54.653376,-274949.9999999996
PAPER-1772206254,SENSEX 05MAR 82000 CE,CBBR2,936.0,884.75,900,10,2026-02-27 21:00:54.654787,2026-02-27 21:00:54.804667,-461250.0
PAPER-1772206254,SENSEX 05MAR 82000 CE,CBBR2,936.0,898.65,900,10,2026-02-27 21:00:54.806069,2026-02-27 21:00:54.954407,-336150.00000000023
PAPER-1772206262,SENSEX 05MAR 82000 CE,"BB1, BB12, Green",879.0,861.1,900,10,2026-02-27 21:01:02.299594,2026-02-27 21:01:02.758804,-161099.9999999998
PAPER-1772206263,SENSEX 05MAR 82000 CE,"BB12, CBB0, CBB1, CBB2, CBB5, CBB6, CBB7",936.0,915.05,900,10,2026-02-27 21:01:03.371838,2026-02-27 21:01:03.684328,-188550.0000000004
PAPER-1772206263,SENSEX 05MAR 82000 CE,"BB12, CBB0, CBB1, CBB2, CBB5, CBB6, CBB7",962.3,907.75,900,10,2026-02-27 21:01:03.685764,2026-02-27 21:01:03.840817,-490949.9999999996
PAPER-1772206263,SENSEX 05MAR 82000 CE,"BB12, CBB0, CBB1, CBB2, CBB5, CBB6, CBB7",962.3,881.9,900,10,2026-02-27 21:01:03.842207,2026-02-27 21:01:03.996737,-723599.9999999998
PAPER-1772206263,SENSEX 05MAR 82000 CE,"BB12, CBB0, CBB1, CBB2, CBB5, CBB6, CBB7",962.3,876.1,900,10,2026-02-27 21:01:03.998105,2026-02-27 21:01:04.151972,-775799.9999999994
PAPER-1772206269,SENSEX 05MAR 82000 CE,NRCB,758.65,740.9,900,10,2026-02-27 21:01:09.901917,2026-02-27 21:01:10.226667,-159750.0
PAPER-1772206270,SENSEX 05MAR 82000 CE,NRCB,758.65,738.0,900,10,2026-02-27 21:01:10.228128,2026-02-27 21:01:10.542358,-185849.9999999998
PAPER-1772206278,SENSEX 05MAR 82000 CE,CBBR2,702.2,671.95,900,10,2026-02-27 21:01:18.944932,2026-02-27 21:01:19.428500,-272250.0
PAPER-1772206282,SENSEX 05MAR 82000 CE,"BB12, CBB0, CBB1, CBB2, CBB6, CBB7",694.95,669.65,900,10,2026-02-27 21:01:22.506528,2026-02-27 21:01:22.834137,-227700.0000000006
PAPER-1772206286,SENSEX 05MAR 82000 CE,"CBBR2, CBBR7",690.0,669.0,900,10,2026-02-27 21:01:26.798163,2026-02-27 21:01:28.456292,-189000.0
PAPER-1772206289,SENSEX 05MAR 82000 CE,"NRCB, BB11, BB12, CBB0, CBB3",694.55,680.0,900,10,2026-02-27 21:01:29.787684,2026-02-27 21:01:29.955696,-130949.99999999959
PAPER-1772206289,SENSEX 05MAR 82000 CE,"NRCB, BB11, CBB0, CBB3",694.55,690.25,900,10,2026-02-27 21:01:29.957139,2026-02-27 21:01:30.294114,-38699.99999999959
PAPER-1772206290,SENSEX 05MAR 82000 CE,"NRCB, BB11, CBB0, CBB3",708.8,687.8,900,10,2026-02-27 21:01:30.295521,2026-02-27 21:01:30.799876,-189000.0
PAPER-1772206293,SENSEX 05MAR 82000 CE,"CBB0, CBB3",701.0,769.6,900,10,2026-02-27 21:01:33.497734,2026-02-27 21:01:35.019671,617400.0000000002
PAPER-1772206303,SENSEX 05MAR 82000 CE,"CBB0, CBB1, CBB4",761.9,547.95,900,10,2026-02-27 21:01:43.056095,2026-02-27 21:01:43.404976,-1925549.999999999
PAPER-1772206307,SENSEX 05MAR 82000 CE,"BB15, Green",527.85,512.65,900,10,2026-02-27 21:01:47.606391,2026-02-27 21:01:47.781587,-136800.0000000004
PAPER-1772206322,SENSEX 05MAR 82000 CE,"BB12, CBB0, CBB1, CBB4",459.7,446.65,900,10,2026-02-27 21:02:02.946996,2026-02-27 21:02:03.133579,-117450.0000000001
PAPER-1772206323,SENSEX 05MAR 82000 CE,"BB12, CBB0, CBB1, CBB4",459.7,457.05,900,10,2026-02-27 21:02:03.135095,2026-02-27 21:02:03.893740,-23849.999999999796
PAPER-1772206330,SENSEX 05MAR 82000 CE,"NRCB, BB12",427.0,426.05,900,10,2026-02-27 21:02:10.329686,2026-02-27 21:02:12.011518,-8549.999999999898
PAPER-1772206332,SENSEX 05MAR 82000 CE,"BB12, CBB0, CBB1, CBB2, CBB7",441.3,437.15,900,10,2026-02-27 21:02:12.761088,2026-02-27 21:02:13.885495,-37350.000000000306
PAPER-1772206338,SENSEX 05MAR 82000 CE,"NRCB, BB12, CBBR3, CBBR6",428.45,415.8,900,10,2026-02-27 21:02:18.395235,2026-02-27 21:02:18.586392,-113849.9999999998
PAPER-1772206338,SENSEX 05MAR 82000 CE,"NRCB, CBBR3, CBBR6",429.45,418.25,900,10,2026-02-27 21:02:18.588812,2026-02-27 21:02:18.778741,-100799.9999999999
PAPER-1772206341,SENSEX 05MAR 82000 CE,CBBR6,414.85,393.6,900,10,2026-02-27 21:02:21.817931,2026-02-27 21:02:22.010302,-191250.0
PAPER-1772206345,SENSEX 05MAR 82000 CE,"CBBR3, CBBR6",407.3,399.05,900,10,2026-02-27 21:02:25.869585,2026-02-27 21:02:27.224165,-74250.0
PAPER-1772206349,SENSEX 05MAR 82000 CE,"CBBR3, CBBR6",405.0,391.15,900,10,2026-02-27 21:02:29.548211,2026-02-27 21:02:31.112500,-124650.0000000002
PAPER-1772206351,SENSEX 05MAR 82000 CE,CBBR3,412.25,395.35,900,10,2026-02-27 21:02:31.912268,2026-02-27 21:02:32.108932,-152099.9999999998
PAPER-1772206352,SENSEX 05MAR 82000 CE,CBBR3,412.25,403.4,900,10,2026-02-27 21:02:32.110363,2026-02-27 21:02:32.307755,-79650.0000000002
PAPER-1772206355,SENSEX 05MAR 82000 CE,"BB12, BB13, CBBR3, CBBR5, Green",451.25,439.75,900,10,2026-02-27 21:02:35.256214,2026-02-27 21:02:35.655646,-103500.0
PAPER-1772206355,SENSEX 05MAR 82000 CE,"BB12, BB13, CBBR3, CBBR5, Green",452.4,452.3,900,10,2026-02-27 21:02:35.657122,2026-02-27 21:02:36.450890,-899.999999999693
PAPER-1772206358,SENSEX 05MAR 82000 CE,"BB6, BB11, CBB0, CBB4",443.55,431.1,900,10,2026-02-27 21:02:38.232999,2026-02-27 21:02:38.431977,-112049.9999999999
PAPER-1772206358,SENSEX 05MAR 82000 CE,"BB6, BB11, CBB0, CBB4",443.55,420.85,900,10,2026-02-27 21:02:38.434117,2026-02-27 21:02:38.634891,-204299.99999999988
PAPER-1772206358,SENSEX 05MAR 82000 CE,"BB6, BB11, CBB0, CBB4",443.55,415.35,900,10,2026-02-27 21:02:38.636842,2026-02-27 21:02:38.838068,-253799.99999999988
PAPER-1772206358,SENSEX 05MAR 82000 CE,"BB6, BB11, CBB0, CBB4",443.55,421.3,900,10,2026-02-27 21:02:38.839462,2026-02-27 21:02:39.039428,-200250.0
PAPER-1772206359,SENSEX 05MAR 82000 CE,"BB6, BB11, CBB0, CBB4",443.55,420.45,900,10,2026-02-27 21:02:39.040811,2026-02-27 21:02:39.241311,-207900.0000000002
PAPER-1772206365,SENSEX 05MAR 82000 CE,"BB12, CBB0, CBB3",392.0,383.4,900,10,2026-02-27 21:02:45.869122,2026-02-27 21:02:47.283027,-77400.0000000002
PAPER-1772206372,SENSEX 05MAR 82000 CE,"BB12, BB13, Green",305.85,298.05,900,10,2026-02-27 21:02:52.547182,2026-02-27 21:02:52.752667,-70200.0000000001
PAPER-1772206372,SENSEX 05MAR 82000 CE,"BB12, BB13, Green",305.85,298.45,900,10,2026-02-27 21:02:52.754135,2026-02-27 21:02:52.960370,-66600.0000000003
PAPER-1772206372,SENSEX 05MAR 82000 CE,"BB12, BB13, Green",305.85,297.85,900,10,2026-02-27 21:02:52.961779,2026-02-27 21:02:53.168077,-72000.0
PAPER-1772206373,SENSEX 05MAR 82000 CE,"BB12, BB13, Green",305.85,298.8,900,10,2026-02-27 21:02:53.169460,2026-02-27 21:02:53.374503,-63450.0000000001
PAPER-1772206374,SENSEX 05MAR 82000 PE,"BB13, Green",510.0,502.9,900,10,2026-02-27 21:02:54.459290,2026-02-27 21:02:54.703205,-63900.000000000204
PAPER-1772206376,SENSEX 05MAR 82000 PE,"BB12, BB13, Green",404.35,372.15,900,10,2026-02-27 21:02:56.640901,2026-02-27 21:02:56.794292,-289800.0000000004
PAPER-1772206380,SENSEX 05MAR 82000 PE,"BB2, BB12, CBB0, CBB8",260.0,264.0,900,10,2026-02-27 21:03:00.305997,2026-02-27 21:03:00.439622,36000.0
PAPER-1772206380,SENSEX 05MAR 82000 PE,"BB17, Green",224.45,212.9,900,10,2026-02-27 21:03:00.990228,2026-02-27 21:03:01.201906,-103949.99999999984
PAPER-1772206381,SENSEX 05MAR 82000 PE,"BB5, BB12, BB17, Green",229.0,183.75,900,10,2026-02-27 21:03:01.854212,2026-02-27 21:03:01.927499,-407250.0
PAPER-1772206382,SENSEX 05MAR 82000 PE,"BB17, Green",195.05,172.9,900,10,2026-02-27 21:03:02.297458,2026-02-27 21:03:02.525469,-199350.00000000006
PAPER-1772206383,SENSEX 05MAR 82000 PE,"BB12, BB13, Green",171.8,170.75,900,10,2026-02-27 21:03:03.446800,2026-02-27 21:03:03.925290,-9450.000000000102
PAPER-1772206384,SENSEX 05MAR 82000 PE,"BB12, CBBR2",177.2,210.1,900,10,2026-02-27 21:03:04.351086,2026-02-27 21:03:04.919192,296100.00000000006
PAPER-1772206385,SENSEX 05MAR 82000 PE,"BB17, Green",242.3,229.1,900,10,2026-02-27 21:03:05.662323,2026-02-27 21:03:05.746894,-118800.00000000016
PAPER-1772206385,SENSEX 05MAR 82000 PE,"BB17, Green",242.3,231.9,900,10,2026-02-27 21:03:05.748335,2026-02-27 21:03:05.832869,-93600.00000000006
PAPER-1772206386,SENSEX 05MAR 82000 PE,"BB5, BB12, CBB0, CBB1, CBB3, Green",265.0,286.15,900,10,2026-02-27 21:03:06.512174,2026-02-27 21:03:07.123325,190349.9999999998
PAPER-1772206387,SENSEX 05MAR 82000 PE,"BB12, BB17, CBB0, CBB1, CBB2, CBB5, CBB6, CBB7, Green",384.85,340.05,900,10,2026-02-27 21:03:07.388957,2026-02-27 21:03:07.568728,-403200.0000000001
PAPER-1772206387,SENSEX 05MAR 82000 PE,"CBB0, CBB1, CBB2, CBB5, CBB7",384.85,340.0,900,10,2026-02-27 21:03:07.570196,2026-02-27 21:03:07.659219,-403650.00000000023
PAPER-1772206387,SENSEX 05MAR 82000 PE,"CBBR1, CBBR2, CBBR6, CBBR7",360.0,356.4,900,10,2026-02-27 21:03:07.839684,2026-02-27 21:03:08.382809,-32400.000000000204
PAPER-1772206388,SENSEX 05MAR 82000 PE,"BB12, CBBR2",371.3,338.15,900,10,2026-02-27 21:03:08.384232,2026-02-27 21:03:08.475344,-298350.0000000003
PAPER-1772206388,SENSEX 05MAR 82000 PE,"CBBR2, CBBR7",342.0,374.15,900,10,2026-02-27 21:03:08.933064,2026-02-27 21:03:09.488226,289349.99999999977
PAPER-1772206389,SENSEX 05MAR 82000 PE,"BB8, BB12, BB17, CBB0, CBB1, CBB2, CBB5, CBB6, CBB7, Green",394.0,386.75,900,10,2026-02-27 21:03:09.586417,2026-02-27 21:03:09.962974,-65250.0
PAPER-1772206391,SENSEX 05MAR 82000 PE,"BB12, CBB0, CBB4",400.0,439.0,900,10,2026-02-27 21:03:11.384397,2026-02-27 21:03:11.873205,351000.0
PAPER-1772206393,SENSEX 05MAR 82000 PE,"BB8, CBBR3, CBBR6",472.0,447.0,900,10,2026-02-27 21:03:13.235497,2026-02-27 21:03:13.436016,-225000.0
PAPER-1772206393,SENSEX 05MAR 82000 PE,"NRCB, BB8, CBBR3, CBBR6",485.65,466.5,900,10,2026-02-27 21:03:13.437428,2026-02-27 21:03:13.536825,-172349.9999999998
PAPER-1772206397,SENSEX 05MAR 82000 PE,"BB6, CBB0, CBB4",536.55,520.0,900,10,2026-02-27 21:03:17.053865,2026-02-27 21:03:17.156528,-148949.9999999996
PAPER-1772206397,SENSEX 05MAR 82000 PE,"BB6, CBB0, CBB4",536.55,511.0,900,10,2026-02-27 21:03:17.158468,2026-02-27 21:03:17.261053,-229949.9999999996
PAPER-1772206397,SENSEX 05MAR 82000 PE,"BB6, CBB0, CBB4",536.55,525.0,900,10,2026-02-27 21:03:17.262430,2026-02-27 21:03:17.571884,-103949.99999999959
PAPER-1772206398,SENSEX 05MAR 82000 PE,"BB9, BB15, Green",505.0,480.65,900,10,2026-02-27 21:03:18.610767,2026-02-27 21:03:18.820442,-219150.0000000002
PAPER-1772206398,SENSEX 05MAR 82000 PE,"BB9, BB15, Green",508.0,466.05,900,10,2026-02-27 21:03:18.821928,2026-02-27 21:03:18.926353,-377549.9999999999
PAPER-1772206398,SENSEX 05MAR 82000 PE,"BB9, BB15, Green",508.0,473.0,900,10,2026-02-27 21:03:18.927746,2026-02-27 21:03:19.031786,-315000.0
PAPER-1772206399,SENSEX 05MAR 82000 PE,"BB9, BB15, Green",508.0,469.9,900,10,2026-02-27 21:03:19.033198,2026-02-27 21:03:19.137327,-342900.00000000023
PAPER-1772206401,SENSEX 05MAR 82000 PE,"CBB0, CBB8",451.05,471.15,900,10,2026-02-27 21:03:21.311048,2026-02-27 21:03:21.842834,180899.99999999968
PAPER-1772206407,SENSEX 05MAR 82000 PE,"BB12, BB17, Green",421.05,404.85,900,10,2026-02-27 21:03:27.760422,2026-02-27 21:03:28.201552,-145799.99999999988
PAPER-1772206409,SENSEX 05MAR 82000 PE,"BB13, Green",423.4,414.9,900,10,2026-02-27 21:03:29.086793,2026-02-27 21:03:29.423570,-76500.0
PAPER-1772206410,SENSEX 05MAR 82000 PE,"BB17, Green",403.0,386.15,900,10,2026-02-27 21:03:30.206434,2026-02-27 21:03:30.319198,-151650.0000000002
PAPER-1772206410,SENSEX 05MAR 82000 PE,"NRCB, BB12, BB13, Green",399.95,397.0,900,10,2026-02-27 21:03:30.997322,2026-02-27 21:03:31.569670,-26549.999999999898
PAPER-1772206416,SENSEX 05MAR 82000 PE,"BB1, BB2, BB5, BB12, Green",373.6,371.7,900,10,2026-02-27 21:03:36.205789,2026-02-27 21:03:36.566210,-17100.000000000306
PAPER-1772206416,SENSEX 05MAR 82000 PE,"BB1, BB2, BB5, BB12, CBB0, CBB1, Green",386.4,367.15,900,10,2026-02-27 21:03:36.567663,2026-02-27 21:03:36.687956,-173250.0
PAPER-1772206416,SENSEX 05MAR 82000 PE,"BB1, BB2, BB5, BB12, Green",386.4,372.35,900,10,2026-02-27 21:03:36.689333,2026-02-27 21:03:36.808222,-126449.99999999959
PAPER-1772206417,SENSEX 05MAR 82000 PE,"BB2, BB12, CBB0, CBB8",380.0,436.65,900,10,2026-02-27 21:03:37.785630,2026-02-27 21:03:39.342599,509849.99999999977
PAPER-1772206424,SENSEX 05MAR 82000 PE,"BB1, BB17, Green",429.7,414.4,900,10,2026-02-27 21:03:44.076211,2026-02-27 21:03:44.201533,-137700.00000000012
PAPER-1772206424,SENSEX 05MAR 82000 PE,"BB1, BB17, Green",429.7,404.5,900,10,2026-02-27 21:03:44.202998,2026-02-27 21:03:44.328648,-226799.99999999988
PAPER-1772206424,SENSEX 05MAR 82000 PE,"BB1, BB17, Green",429.7,393.45,900,10,2026-02-27 21:03:44.330045,2026-02-27 21:03:44.453585,-326250.0
PAPER-1772206425,SENSEX 05MAR 82000 PE,"BB13, Green",412.95,387.65,900,10,2026-02-27 21:03:45.321822,2026-02-27 21:03:45.448017,-227700.00000000012
PAPER-1772206425,SENSEX 05MAR 82000 PE,"BB13, Green",412.95,391.8,900,10,2026-02-27 21:03:45.449474,2026-02-27 21:03:45.575785,-190349.9999999998
PAPER-1772206425,SENSEX 05MAR 82000 PE,"BB13, Green",412.95,387.2,900,10,2026-02-27 21:03:45.577152,2026-02-27 21:03:45.703090,-231750.0
PAPER-1772206425,SENSEX 05MAR 82000 PE,"BB13, Green",412.95,387.5,900,10,2026-02-27 21:03:45.704458,2026-02-27 21:03:45.830133,-229049.99999999988
PAPER-1772206427,SENSEX 05MAR 82000 PE,"BB12, BB17, Green",393.55,370.35,900,10,2026-02-27 21:03:47.334624,2026-02-27 21:03:48.093439,-208799.99999999988
PAPER-1772206431,SENSEX 05MAR 82000 PE,"BB5, BB12, CBB0, CBB4, Green",404.2,439.2,900,10,2026-02-27 21:03:51.828041,2026-02-27 21:03:53.784282,315000.0
PAPER-1772206433,SENSEX 05MAR 82000 PE,"BB8, BB12, CBB0, CBB1, CBB2, CBB5, CBB6, CBB7, Green",448.0,411.7,900,10,2026-02-27 21:03:53.786342,2026-02-27 21:03:54.051231,-326700.0000000001
PAPER-1772206434,SENSEX 05MAR 82000 PE,"BB8, Green",448.0,422.3,900,10,2026-02-27 21:03:54.052620,2026-02-27 21:03:54.184655,-231299.99999999988
PAPER-1772206434,SENSEX 05MAR 82000 PE,"BB8, CBB0, CBB1, CBB2, CBB5, CBB7, Green",448.0,420.85,900,10,2026-02-27 21:03:54.186193,2026-02-27 21:03:54.318776,-244349.9999999998
PAPER-1772206434,SENSEX 05MAR 82000 PE,"BB8, CBB0, CBB1, CBB2, CBB5, CBB7, Green",448.0,420.75,900,10,2026-02-27 21:03:54.320161,2026-02-27 21:03:54.452377,-245250.0
PAPER-1772206438,SENSEX 05MAR 82000 PE,"NRCB, BB12",285.0,278.9,900,10,2026-02-27 21:03:58.275462,2026-02-27 21:03:59.352613,-54900.000000000204
PAPER-1772206442,SENSEX 05MAR 82000 PE,"BB17, CBB0, Green",295.0,286.85,900,10,2026-02-27 21:04:02.462295,2026-02-27 21:04:03.286533,-73349.9999999998
PAPER-1772206444,SENSEX 05MAR 82000 PE,"BB12, CBB0, CBB4",295.0,300.5,900,10,2026-02-27 21:04:04.522480,2026-02-27 21:04:05.654243,49500.0
PAPER-1772206446,SENSEX 05MAR 82000 PE,"BB12, CBB0, CBB6, CBB7",322.7,352.45,900,10,2026-02-27 21:04:06.484451,2026-02-27 21:04:07.600200,267750.0
PAPER-1772206452,SENSEX 05MAR 82000 PE,"BB12, CBB0, CBB6, CBB7",330.35,327.25,900,10,2026-02-27 21:04:12.081630,2026-02-27 21:04:13.941656,-27900.000000000204
PAPER-1772206453,SENSEX 05MAR 82000 PE,"BB17, Green",341.9,331.1,900,10,2026-02-27 21:04:13.944084,2026-02-27 21:04:14.087862,-97199.99999999959
PAPER-1772206454,SENSEX 05MAR 82000 PE,"BB17, Green",341.9,326.0,900,10,2026-02-27 21:04:14.233433,2026-02-27 21:04:14.377806,-143099.9999999998
PAPER-1772206454,SENSEX 05MAR 82000 PE,"BB17, Green",341.9,330.3,900,10,2026-02-27 21:04:14.379173,2026-02-27 21:04:14.523170,-104399.9999999997
PAPER-1772206455,SENSEX 05MAR 82000 PE,"CBBR3, CBBR6",345.75,345.7,900,10,2026-02-27 21:04:15.530214,2026-02-27 21:04:15.674779,-450.0000000001023
PAPER-1772206457,SENSEX 05MAR 82000 PE,"BB8, CBB0, CBB8",337.75,327.85,900,10,2026-02-27 21:04:17.262422,2026-02-27 21:04:17.554133,-89099.9999999998
PAPER-1772206460,SENSEX 05MAR 82000 PE,"BB13, Green",334.0,339.1,900,10,2026-02-27 21:04:20.506094,2026-02-27 21:04:21.839222,45900.000000000204
PAPER-1772206463,SENSEX 05MAR 82000 PE,NRCB,323.5,345.05,900,10,2026-02-27 21:04:23.625934,2026-02-27 21:04:25.288550,193950.00000000012
PAPER-1772206466,SENSEX 05MAR 82000 PE,CBBR2,342.0,331.85,900,10,2026-02-27 21:04:26.496922,2026-02-27 21:04:27.256837,-91349.9999999998
PAPER-1772206473,SENSEX 05MAR 82000 PE,"BB1, BB12, BB17, CBB0, CBB1, CBB3, CBB4, Green",346.9,344.0,900,10,2026-02-27 21:04:33.268346,2026-02-27 21:04:34.218527,-26099.999999999796
PAPER-1772206479,SENSEX 05MAR 82000 PE,"NRCB, BB12",324.05,315.15,900,10,2026-02-27 21:04:39.921748,2026-02-27 21:04:40.082052,-80100.0000000003
PAPER-1772206481,SENSEX 05MAR 82000 PE,"BB1, BB17, Green",316.05,306.7,900,10,2026-02-27 21:04:41.712014,2026-02-27 21:04:42.512591,-84150.0000000002
PAPER-1772206484,SENSEX 05MAR 82000 PE,NRCB,307.9,293.15,900,10,2026-02-27 21:04:44.122567,2026-02-27 21:04:44.936595,-132750.0
PAPER-1772206485,SENSEX 05MAR 82000 PE,"BB12, BB13, Green",309.0,298.7,900,10,2026-02-27 21:04:45.908801,2026-02-27 21:04:46.400029,-92700.0000000001
PAPER-1772206486,SENSEX 05MAR 82000 PE,"BB13, Green",310.25,300.0,900,10,2026-02-27 21:04:46.401407,2026-02-27 21:04:46.726552,-92250.0
PAPER-1772206487,SENSEX 05MAR 82000 PE,"BB1, BB12, BB17, CBB0, CBB4, Green",354.6,338.25,900,10,2026-02-27 21:04:47.380603,2026-02-27 21:04:47.545099,-147150.0000000002
PAPER-1772206487,SENSEX 05MAR 82000 PE,"BB1, BB12, CBB0, CBB4",354.6,346.95,900,10,2026-02-27 21:04:47.546474,2026-02-27 21:04:47.710941,-68850.0000000003
PAPER-1772206487,SENSEX 05MAR 82000 PE,"BB1, BB12, BB17, CBB0, CBB4, Green",354.6,381.55,900,10,2026-02-27 21:04:47.712241,2026-02-27 21:04:48.859904,242549.99999999988
PAPER-1772206496,SENSEX 05MAR 82000 PE,"CBBR1, CBBR2, CBBR7",436.1,446.9,900,10,2026-02-27 21:04:56.489404,2026-02-27 21:04:58.004635,97199.99999999959
PAPER-1772206499,SENSEX 05MAR 82000 PE,"BB6, CBB0, CBB8, Green",461.75,446.55,900,10,2026-02-27 21:04:59.015202,2026-02-27 21:04:59.184968,-136799.99999999988
PAPER-1772206499,SENSEX 05MAR 82000 PE,"BB6, CBB0, CBB8, Green",461.75,449.9,900,10,2026-02-27 21:04:59.186426,2026-02-27 21:04:59.356651,-106650.0000000002
PAPER-1772206499,SENSEX 05MAR 82000 PE,"BB6, CBB0, CBB8, Green",461.75,449.85,900,10,2026-02-27 21:04:59.358040,2026-02-27 21:04:59.528757,-107099.9999999998
PAPER-1772206499,SENSEX 05MAR 82000 PE,"BB6, CBB0, CBB8, Green",461.75,444.4,900,10,2026-02-27 21:04:59.530120,2026-02-27 21:04:59.700519,-156150.0000000002
PAPER-1772206500,SENSEX 05MAR 82000 PE,CBBR2,439.0,425.85,900,10,2026-02-27 21:05:00.549188,2026-02-27 21:05:01.062321,-118349.9999999998
PAPER-1772206501,SENSEX 05MAR 82000 PE,CBBR2,439.0,429.2,900,10,2026-02-27 21:05:01.063841,2026-02-27 21:05:01.234638,-88200.0000000001
PAPER-1772206501,SENSEX 05MAR 82000 PE,CBBR2,439.0,429.9,900,10,2026-02-27 21:05:01.236056,2026-02-27 21:05:01.747276,-81900.0000000002
PAPER-1772206512,SENSEX 05MAR 82000 PE,"BB1, BB2, BB5, BB12, CBB0, CBB4",425.0,457.9,900,10,2026-02-27 21:05:12.454815,2026-02-27 21:05:15.463856,296099.99999999977
PAPER-1772206517,SENSEX 05MAR 82000 PE,"BB8, BB12, BB13, CBBR3, CBBR5, Green",479.0,466.4,900,10,2026-02-27 21:05:17.056171,2026-02-27 21:05:17.234655,-113400.0000000002
PAPER-1772206517,SENSEX 05MAR 82000 PE,"BB8, BB12, BB13, CBBR3, CBBR5, Green",483.4,454.15,900,10,2026-02-27 21:05:17.236123,2026-02-27 21:05:17.414987,-263250.0
PAPER-1772206517,SENSEX 05MAR 82000 PE,"BB8, BB12, BB13, CBBR3, CBBR5, Green",483.4,454.15,900,10,2026-02-27 21:05:17.416365,2026-02-27 21:05:17.595330,-263250.0
PAPER-1772206517,SENSEX 05MAR 82000 PE,"BB8, BB12, BB13, CBBR3, CBBR5, Green",483.4,465.5,900,10,2026-02-27 21:05:17.596735,2026-02-27 21:05:17.776406,-161099.9999999998
PAPER-1772206518,SENSEX 05MAR 82000 PE,"BB12, CBB0, CBB3",497.9,485.6,900,10,2026-02-27 21:05:18.665745,2026-02-27 21:05:18.846202,-110699.99999999959
PAPER-1772206518,SENSEX 05MAR 82000 PE,"CBB0, CBB3",498.3,497.8,900,10,2026-02-27 21:05:18.847656,2026-02-27 21:05:19.566109,-4500.0
PAPER-1772206520,SENSEX 05MAR 82000 PE,"BB8, CBBR2, CBBR7",501.0,559.75,900,10,2026-02-27 21:05:20.460348,2026-02-27 21:05:23.704299,528750.0
PAPER-1772206526,SENSEX 05MAR 82000 PE,"BB8, CBBR2, CBBR7",528.25,510.0,900,10,2026-02-27 21:05:26.775916,2026-02-27 21:05:28.056750,-164250.0
PAPER-1772206534,SENSEX 05MAR 82000 PE,"BB1, BB9, BB15, BB17, CBB0, CBB7, Green",627.35,609.0,900,10,2026-02-27 21:05:34.714386,2026-02-27 21:05:35.641733,-165150.0000000002
PAPER-1772206542,SENSEX 05MAR 82000 PE,"BB12, BB13, CBB0, CBB4, Green",577.65,560.4,900,10,2026-02-27 21:05:42.560881,2026-02-27 21:05:42.751116,-155250.0
PAPER-1772206542,SENSEX 05MAR 82000 PE,"BB12, BB13, CBB0, CBB4, Green",577.65,567.5,900,10,2026-02-27 21:05:42.752608,2026-02-27 21:05:43.516180,-91349.9999999998
PAPER-1772206545,SENSEX 05MAR 82000 PE,"BB8, CBBR2, CBBR7",583.05,579.4,900,10,2026-02-27 21:05:45.221553,2026-02-27 21:05:45.602183,-32849.999999999796
PAPER-1772206549,SENSEX 05MAR 82000 PE,"BB5, CBB0, CBB4",558.35,536.9,900,10,2026-02-27 21:05:49.220196,2026-02-27 21:05:49.412991,-193050.0000000004
PAPER-1772206549,SENSEX 05MAR 82000 PE,"BB5, CBB0, CBB4",558.35,539.65,900,10,2026-02-27 21:05:49.607930,2026-02-27 21:05:50.191331,-168300.0000000004
PAPER-1772206566,SENSEX 05MAR 82000 PE,"BB13, Green",242.45,236.0,900,10,2026-02-27 21:06:06.803553,2026-02-27 21:06:10.006376,-58049.9999999999
PAPER-1772206577,SENSEX 05MAR 82000 PE,"BB12, CBB0, CBB6",256.0,253.4,900,10,2026-02-27 21:06:17.498337,2026-02-27 21:06:19.954789,-23399.99999999995
PAPER-1772206583,SENSEX 05MAR 82000 PE,"BB12, CBBR2, CBBR3",267.15,259.25,900,10,2026-02-27 21:06:23.231393,2026-02-27 21:06:23.847944,-71099.9999999998
PAPER-1772206585,SENSEX 05MAR 82000 PE,CBBR2,261.25,256.45,900,10,2026-02-27 21:06:25.914585,2026-02-27 21:06:27.778137,-43200.0000000001
PAPER-1772206590,SENSEX 05MAR 82000 PE,"CBB0, CBB4",269.75,260.4,900,10,2026-02-27 21:06:30.069614,2026-02-27 21:06:30.487781,-84150.0000000002
PAPER-1772206591,SENSEX 05MAR 82000 PE,"CBBR2, CBBR7",262.8,267.75,900,10,2026-02-27 21:06:31.339120,2026-02-27 21:06:32.186477,44549.9999999999
PAPER-1772206592,SENSEX 05MAR 82000 PE,"BB12, CBBR2, CBBR3, CBBR7",276.3,268.0,900,10,2026-02-27 21:06:32.188946,2026-02-27 21:06:32.399350,-74700.0000000001
PAPER-1772206593,SENSEX 05MAR 82000 PE,"BB12, CBB0, CBB2, CBB6",278.3,380.65,900,10,2026-02-27 21:06:33.671616,2026-02-27 21:06:34.944870,921149.9999999997
PAPER-1772206599,SENSEX 05MAR 82000 PE,"BB6, CBB0, CBB4",468.9,444.1,900,10,2026-02-27 21:06:39.833266,2026-02-27 21:06:40.692798,-223199.9999999996
PAPER-1772206600,SENSEX 05MAR 82000 PE,"BB6, CBB0, CBB4",476.0,443.35,900,10,2026-02-27 21:06:40.694272,2026-02-27 21:06:41.121625,-293849.99999999977
PAPER-1772206605,SENSEX 05MAR 82000 PE,"BB5, BB6, CBB0, CBB5, CBB7",461.3,458.8,900,10,2026-02-27 21:06:45.215740,2026-02-27 21:06:46.082300,-22500.0
PAPER-1772206606,SENSEX 05MAR 82000 PE,"BB5, BB6, CBB0, CBB5, CBB7",502.9,444.0,900,10,2026-02-27 21:06:46.083738,2026-02-27 21:06:46.300303,-530099.9999999998
PAPER-1772206608,SENSEX 05MAR 82000 PE,"CBBR2, CBBR7",464.8,454.05,900,10,2026-02-27 21:06:48.457913,2026-02-27 21:06:48.674354,-96750.0
PAPER-1772206608,SENSEX 05MAR 82000 PE,"CBBR2, CBBR7",464.8,452.5,900,10,2026-02-27 21:06:48.675823,2026-02-27 21:06:49.118187,-110700.0000000001
PAPER-1772206609,SENSEX 05MAR 82000 PE,"CBBR2, CBBR7",464.8,455.1,900,10,2026-02-27 21:06:49.119531,2026-02-27 21:06:49.991024,-87299.9999999999
PAPER-1772206612,SENSEX 05MAR 82000 PE,"CBBR1, CBBR6",452.15,491.5,900,10,2026-02-27 21:06:52.851786,2026-02-27 21:06:54.386826,354150.00000000023
PAPER-1772206618,SENSEX 05MAR 82000 PE,"NRCB, BB8",446.0,429.25,900,10,2026-02-27 21:06:58.545640,2026-02-27 21:06:59.907317,-150750.0
PAPER-1772206624,SENSEX 05MAR 82000 PE,"BB9, BB12, BB17, CBB0, CBB1, CBB2, CBB6, CBB7, Green",465.0,468.0,900,10,2026-02-27 21:07:04.586442,2026-02-27 21:07:06.653904,27000.0
PAPER-1772206630,SENSEX 05MAR 82000 PE,"NRCB, BB1, BB2, BB3, BB4, BB5, BB6, BB7, BB9, BB10",448.15,434.1,900,10,2026-02-27 21:07:10.526336,2026-02-27 21:07:10.789822,-126449.99999999959
PAPER-1772206630,SENSEX 05MAR 82000 PE,"NRCB, BB1, BB2, BB3, BB4, BB5, BB6, BB7, BB9, BB10",448.15,431.55,900,10,2026-02-27 21:07:10.791687,2026-02-27 21:07:11.026861,-149399.99999999968
PAPER-1772206631,SENSEX 05MAR 82000 PE,"NRCB, BB1, BB2, BB3, BB4, BB5, BB6, BB7, BB9, BB10",448.15,433.85,900,10,2026-02-27 21:07:11.028290,2026-02-27 21:07:11.266083,-128699.99999999959
PAPER-1772206631,SENSEX 05MAR 82000 PE,"NRCB, BB1, BB2, BB3, BB4, BB5, BB6, BB7, BB9, BB10",448.15,429.9,900,10,2026-02-27 21:07:11.267401,2026-02-27 21:07:11.499752,-164250.0
PAPER-1772206636,SENSEX 05MAR 82000 PE,"BB16, Green",407.25,380.2,900,10,2026-02-27 21:07:16.552265,2026-02-27 21:07:16.786939,-243450.00000000012
PAPER-1772206636,SENSEX 05MAR 82000 PE,"BB16, Green",407.25,385.05,900,10,2026-02-27 21:07:16.788328,2026-02-27 21:07:17.723669,-199799.99999999988
PAPER-1772206643,SENSEX 05MAR 82000 PE,"NRCB, BB13, Green",336.1,372.3,900,10,2026-02-27 21:07:23.212907,2026-02-27 21:07:24.372369,325799.9999999999
PAPER-1772206651,SENSEX 05MAR 82000 PE,"BB12, CBB0, CBB1, CBB2, CBB5, CBB7",346.0,346.35,900,10,2026-02-27 21:07:31.807899,2026-02-27 21:07:32.044273,3150.0000000002046
PAPER-1772206652,SENSEX 05MAR 82000 PE,"BB12, CBB0, CBB1, CBB2, CBB5, CBB7",363.5,350.0,900,10,2026-02-27 21:07:32.045647,2026-02-27 21:07:32.278874,-121500.0
PAPER-1772206658,SENSEX 05MAR 82000 PE,"BB1, CBB0, CBB3, CBB4",351.0,378.2,900,10,2026-02-27 21:07:38.160205,2026-02-27 21:07:39.578750,244799.99999999988
PAPER-1772206666,SENSEX 05MAR 82000 PE,"NRCB, BB13, Green",324.8,412.55,900,10,2026-02-27 21:07:46.462398,2026-02-27 21:07:49.574975,789750.0
PAPER-1772206672,SENSEX 05MAR 82000 PE,"BB10, Green",426.8,429.45,900,10,2026-02-27 21:07:52.491132,2026-02-27 21:07:53.219029,23849.999999999796
PAPER-1772206673,SENSEX 05MAR 82000 PE,"BB10, CBB0, CBB2, CBB6, Green",449.45,437.1,900,10,2026-02-27 21:07:53.220444,2026-02-27 21:07:53.462615,-111149.9999999997
PAPER-1772206673,SENSEX 05MAR 82000 PE,"BB10, CBB0, CBB2, CBB6, Green",449.45,426.3,900,10,2026-02-27 21:07:53.464047,2026-02-27 21:07:53.704496,-208349.9999999998
PAPER-1772206678,SENSEX 05MAR 82000 PE,"CBB0, CBB1, CBB2, CBB7",444.05,489.2,900,10,2026-02-27 21:07:58.282012,2026-02-27 21:07:59.497684,406349.99999999977
PAPER-1772206684,SENSEX 05MAR 82000 PE,"BB8, CBBR2, CBBR7",463.25,460.0,900,10,2026-02-27 21:08:04.624499,2026-02-27 21:08:04.869263,-29250.0
PAPER-1772206684,SENSEX 05MAR 82000 PE,"BB8, CBBR2, CBBR7",472.75,456.5,900,10,2026-02-27 21:08:04.871133,2026-02-27 21:08:05.115207,-146250.0
PAPER-1772206685,SENSEX 05MAR 82000 PE,"BB8, CBBR2, CBBR7",472.75,462.05,900,10,2026-02-27 21:08:05.116857,2026-02-27 21:08:05.361353,-96299.9999999999
PAPER-1772206685,SENSEX 05MAR 82000 PE,"BB8, CBBR2, CBBR7",472.75,461.2,900,10,2026-02-27 21:08:05.362701,2026-02-27 21:08:05.607022,-103950.0000000001
PAPER-1772206685,SENSEX 05MAR 82000 PE,"BB8, CBBR2, CBBR7",472.75,462.0,900,10,2026-02-27 21:08:05.608352,2026-02-27 21:08:05.852328,-96750.0
PAPER-1772206687,SENSEX 05MAR 82000 PE,"BB1, BB9, BB17, CBB0, CBB1, CBB2, CBB6, CBB7, Green",488.65,488.3,900,10,2026-02-27 21:08:07.081125,2026-02-27 21:08:07.572178,-3149.999999999693
PAPER-1772206687,SENSEX 05MAR 82000 PE,"BB1, BB9, CBB0, CBB1, CBB2, CBB6, CBB7",500.05,483.85,900,10,2026-02-27 21:08:07.573599,2026-02-27 21:08:08.312776,-145799.99999999988
PAPER-1772206692,SENSEX 05MAR 82000 PE,"BB12, CBB0, CBB1, CBB2, CBB7",505.0,499.2,900,10,2026-02-27 21:08:12.235165,2026-02-27 21:08:12.731463,-52200.0000000001
PAPER-1772206692,SENSEX 05MAR 82000 PE,"BB12, CBB0, CBB1, CBB2, CBB7",526.05,502.7,900,10,2026-02-27 21:08:12.732845,2026-02-27 21:08:12.978176,-210149.99999999968
PAPER-1772206692,SENSEX 05MAR 82000 PE,"BB12, CBB0, CBB1, CBB2, CBB7",526.05,506.85,900,10,2026-02-27 21:08:12.979493,2026-02-27 21:08:13.226241,-172799.9999999994
PAPER-1772206699,SENSEX 05MAR 82000 PE,CBBR6,493.65,482.3,900,10,2026-02-27 21:08:19.965516,2026-02-27 21:08:20.220742,-102149.9999999997
PAPER-1772206700,SENSEX 05MAR 82000 PE,"CBBR3, CBBR6",497.35,486.4,900,10,2026-02-27 21:08:20.223113,2026-02-27 21:08:20.478206,-98550.00000000041
PAPER-1772206700,SENSEX 05MAR 82000 PE,"CBBR3, CBBR6",497.35,485.3,900,10,2026-02-27 21:08:20.479782,2026-02-27 21:08:20.735290,-108450.0000000001
PAPER-1772206704,SENSEX 05MAR 82000 PE,NRCB,488.0,468.9,900,10,2026-02-27 21:08:24.005036,2026-02-27 21:08:25.270942,-171900.0000000002
PAPER-1772206708,SENSEX 05MAR 82000 PE,"NRCB, CBB0, CBB8",464.6,438.8,900,10,2026-02-27 21:08:28.526245,2026-02-27 21:08:30.295804,-232200.00000000012
PAPER-1772206722,SENSEX 05MAR 82000 PE,"BB11, BB12, CBB0, CBB8",380.0,370.35,900,10,2026-02-27 21:08:42.311607,2026-02-27 21:08:42.569960,-86849.9999999998
PAPER-1772206722,SENSEX 05MAR 82000 PE,"BB11, BB12, CBB0, CBB8",380.0,371.65,900,10,2026-02-27 21:08:42.571397,2026-02-27 21:08:43.119748,-75150.0000000002
PAPER-1772206723,SENSEX 05MAR 82000 PE,"BB11, BB12, CBB0, CBB8",380.0,370.0,900,10,2026-02-27 21:08:43.121251,2026-02-27 21:08:43.381005,-90000.0
PAPER-1772206723,SENSEX 05MAR 82000 PE,"BB11, BB12, CBB0, CBB8",380.0,371.35,900,10,2026-02-27 21:08:43.382368,2026-02-27 21:08:43.640116,-77849.9999999998
PAPER-1772206726,SENSEX 05MAR 82000 PE,"BB11, BB12, BB17, CBB0, CBB1, CBB4, CBB8, Green",508.9,479.95,900,10,2026-02-27 21:08:46.228392,2026-02-27 21:08:46.488848,-260549.99999999988
PAPER-1772206726,SENSEX 05MAR 82000 PE,"BB11, BB12, BB17, CBB0, CBB1, CBB4, CBB8, Green",508.9,494.75,900,10,2026-02-27 21:08:46.491150,2026-02-27 21:08:46.751657,-127349.9999999998
PAPER-1772206726,SENSEX 05MAR 82000 PE,"BB11, BB12, BB17, CBB0, CBB1, CBB4, CBB8, Green",508.9,509.7,900,10,2026-02-27 21:08:46.753008,2026-02-27 21:08:47.534455,7200.000000000102
PAPER-1772206731,SENSEX 05MAR 82000 PE,"BB8, BB12, BB16, Green",563.5,561.45,900,10,2026-02-27 21:08:51.439591,2026-02-27 21:08:51.966166,-18449.999999999593
PAPER-1772206731,SENSEX 05MAR 82000 PE,"BB8, BB16, CBBR3, Green",579.75,549.0,900,10,2026-02-27 21:08:51.967501,2026-02-27 21:08:52.231113,-276750.0
PAPER-1772206732,SENSEX 05MAR 82000 PE,"BB8, BB16, CBBR3, Green",579.75,518.6,900,10,2026-02-27 21:08:52.232615,2026-02-27 21:08:52.493557,-550349.9999999998
PAPER-1772206732,SENSEX 05MAR 82000 PE,"NRCB, BB8, BB16, CBBR3, Green",579.75,533.8,900,10,2026-02-27 21:08:52.494854,2026-02-27 21:08:52.759157,-413550.0000000004
PAPER-1772206734,SENSEX 05MAR 82000 PE,"BB1, BB9, BB10, BB11, BB14, BB15, CBB0, CBB6, Green",564.15,547.4,900,10,2026-02-27 21:08:54.062822,2026-02-27 21:08:54.325579,-150750.0
PAPER-1772206734,SENSEX 05MAR 82000 PE,"BB1, BB9, BB10, BB11, BB14, BB15, CBB0, Green",565.0,551.0,900,10,2026-02-27 21:08:54.327269,2026-02-27 21:08:55.645860,-126000.0
PAPER-1772206741,SENSEX 05MAR 82000 PE,"BB13, CBB0, CBB6, Green",623.3,653.1,900,10,2026-02-27 21:09:01.979401,2026-02-27 21:09:03.841214,268200.00000000064
PAPER-1772206745,SENSEX 05MAR 82000 PE,CBBR2,612.25,593.2,900,10,2026-02-27 21:09:05.963138,2026-02-27 21:09:06.232785,-171449.9999999996
PAPER-1772206746,SENSEX 05MAR 82000 PE,CBBR2,612.25,577.4,900,10,2026-02-27 21:09:06.234930,2026-02-27 21:09:06.503859,-313650.00000000023
PAPER-1772206746,SENSEX 05MAR 82000 PE,CBBR2,612.25,590.0,900,10,2026-02-27 21:09:06.505270,2026-02-27 21:09:06.772225,-200250.0
PAPER-1772206746,SENSEX 05MAR 82000 PE,CBBR2,612.25,596.75,900,10,2026-02-27 21:09:06.773657,2026-02-27 21:09:07.042792,-139500.0
PAPER-1772206747,SENSEX 05MAR 82000 PE,CBBR2,612.25,580.0,900,10,2026-02-27 21:09:07.044098,2026-02-27 21:09:07.310241,-290250.0
PAPER-1772206749,SENSEX 05MAR 82000 PE,CBBR3,619.35,605.7,900,10,2026-02-27 21:09:09.430188,2026-02-27 21:09:10.507357,-122849.9999999998
PAPER-1772206752,SENSEX 05MAR 82000 PE,"BB12, CBB0, CBB3",634.0,614.9,900,10,2026-02-27 21:09:12.150385,2026-02-27 21:09:14.561488,-171900.0000000002
PAPER-1772206755,SENSEX 05MAR 82000 PE,CBBR2,602.4,585.45,900,10,2026-02-27 21:09:15.369355,2026-02-27 21:09:16.180938,-152549.9999999994
PAPER-1772206756,SENSEX 05MAR 82000 PE,CBBR2,603.85,573.2,900,10,2026-02-27 21:09:16.182318,2026-02-27 21:09:16.454058,-275849.99999999977
PAPER-1772206756,SENSEX 05MAR 82000 PE,CBBR2,603.85,587.8,900,10,2026-02-27 21:09:16.455368,2026-02-27 21:09:16.724708,-144450.0000000006
PAPER-1772206759,SENSEX 05MAR 82000 PE,"BB11, CBB0, CBB7",599.0,585.0,900,10,2026-02-27 21:09:19.405014,2026-02-27 21:09:19.675377,-126000.0
PAPER-1772206759,SENSEX 05MAR 82000 PE,"BB11, CBB0, CBB7",599.0,662.95,900,10,2026-02-27 21:09:19.676891,2026-02-27 21:09:22.901607,575550.0000000005
PAPER-1772206771,SENSEX 05MAR 82000 PE,"BB13, Green",628.9,679.55,900,10,2026-02-27 21:09:31.541724,2026-02-27 21:09:37.048974,455849.99999999977
PAPER-1772206778,SENSEX 05MAR 82000 PE,"BB8, CBBR2",646.9,629.85,900,10,2026-02-27 21:09:38.424380,2026-02-27 21:09:38.979916,-153449.9999999996
PAPER-1772206778,SENSEX 05MAR 82000 PE,"BB8, CBBR2",649.15,657.0,900,10,2026-02-27 21:09:38.981353,2026-02-27 21:09:42.873329,70650.0000000002
PAPER-1772206785,SENSEX 05MAR 82000 PE,"BB11, CBB0, CBB8",692.25,672.95,900,10,2026-02-27 21:09:45.648329,2026-02-27 21:09:47.035618,-173699.9999999996
PAPER-1772206789,SENSEX 05MAR 82000 PE,CBBR2,672.75,657.7,900,10,2026-02-27 21:09:49.524985,2026-02-27 21:09:50.081506,-135449.9999999996
PAPER-1772206790,SENSEX 05MAR 82000 PE,CBBR2,675.0,660.0,900,10,2026-02-27 21:09:50.083772,2026-02-27 21:09:50.921451,-135000.0
PAPER-1772206805,SENSEX 05MAR 82000 PE,"BB5, BB10, BB11, BB12, CBB0, Green",584.15,560.8,900,10,2026-02-27 21:10:05.056200,2026-02-27 21:10:05.916154,-210150.0000000002
PAPER-1772206805,SENSEX 05MAR 82000 PE,"NRCB, BB5, BB10, BB11, BB12, Green",599.95,560.0,900,10,2026-02-27 21:10:05.917583,2026-02-27 21:10:06.205271,-359550.0000000004
PAPER-1772206806,SENSEX 05MAR 82000 PE,"NRCB, BB5, BB10, BB11, BB12, Green",599.95,558.3,900,10,2026-02-27 21:10:06.206618,2026-02-27 21:10:06.493624,-374850.0000000008
PAPER-1772206815,SENSEX 05MAR 82000 PE,"BB13, Green",643.95,631.45,900,10,2026-02-27 21:10:15.163869,2026-02-27 21:10:17.543347,-112500.0
PAPER-1772206821,SENSEX 05MAR 82000 PE,"BB12, CBBR3",774.55,757.4,900,10,2026-02-27 21:10:21.201152,2026-02-27 21:10:21.487575,-154349.9999999998
PAPER-1772206821,SENSEX 05MAR 82000 PE,"NRCB, CBBR3",818.1,796.3,900,10,2026-02-27 21:10:21.488903,2026-02-27 21:10:21.777225,-196200.0000000006
PAPER-1772206821,SENSEX 05MAR 82000 PE,"NRCB, CBBR3",834.4,976.55,900,10,2026-02-27 21:10:21.778528,2026-02-27 21:10:23.234238,1279349.9999999998
PAPER-1772206831,SENSEX 05MAR 82100 CE,"BB17, Green",1495.3,1474.45,900,10,2026-02-27 21:10:31.777553,2026-02-27 21:10:31.942153,-187649.99999999919
PAPER-1772206832,SENSEX 05MAR 82100 CE,"BB17, Green",1547.7,1336.3,900,10,2026-02-27 21:10:32.127395,2026-02-27 21:10:32.178118,-1902600.000000001
PAPER-1772206833,SENSEX 05MAR 82100 CE,"CBB0, CBB3",1108.5,1083.3,900,10,2026-02-27 21:10:33.682799,2026-02-27 21:10:33.806768,-226800.0000000004
PAPER-1772206833,SENSEX 05MAR 82100 CE,"CBB0, CBB3",1108.5,1078.05,900,10,2026-02-27 21:10:33.808162,2026-02-27 21:10:34.156228,-274050.0000000004
PAPER-1772206839,SENSEX 05MAR 82100 CE,"NRCB, BB2, BB12, BB17, Green",844.75,820.95,900,10,2026-02-27 21:10:39.552732,2026-02-27 21:10:39.624210,-214199.9999999996
PAPER-1772206839,SENSEX 05MAR 82100 CE,"NRCB, BB2, BB12, BB17, Green",844.75,818.2,900,10,2026-02-27 21:10:39.625542,2026-02-27 21:10:40.208265,-238949.9999999996
PAPER-1772206840,SENSEX 05MAR 82100 CE,"BB12, CBB0, CBB4",882.0,854.35,900,10,2026-02-27 21:10:40.576302,2026-02-27 21:10:41.015026,-248849.9999999998
PAPER-1772206841,SENSEX 05MAR 82100 CE,"BB5, BB12, CBB0, Green",894.85,900.0,900,10,2026-02-27 21:10:41.673318,2026-02-27 21:10:42.567678,46349.999999999796
PAPER-1772206843,SENSEX 05MAR 82100 CE,"BB17, CBB0, CBB6, CBB7, Green",913.75,890.0,900,10,2026-02-27 21:10:43.102427,2026-02-27 21:10:43.255516,-213750.0
PAPER-1772206843,SENSEX 05MAR 82100 CE,"CBB0, CBB6, CBB7",913.75,886.6,900,10,2026-02-27 21:10:43.256872,2026-02-27 21:10:43.331877,-244349.9999999998
PAPER-1772206843,SENSEX 05MAR 82100 CE,"CBB0, CBB7",913.75,891.95,900,10,2026-02-27 21:10:43.333174,2026-02-27 21:10:43.483401,-196199.9999999996
PAPER-1772206844,SENSEX 05MAR 82100 CE,CBBR2,872.2,885.95,900,10,2026-02-27 21:10:44.008139,2026-02-27 21:10:45.180268,123750.0
PAPER-1772206846,SENSEX 05MAR 82100 CE,"BB12, CBB0, CBB4",915.4,1080.05,900,10,2026-02-27 21:10:46.449482,2026-02-27 21:10:47.368126,1481849.9999999998
PAPER-1772206847,SENSEX 05MAR 82100 CE,"BB8, BB12, CBB0, CBB4, Green",1113.5,1080.25,900,10,2026-02-27 21:10:47.369478,2026-02-27 21:10:47.449046,-299250.0
PAPER-1772206847,SENSEX 05MAR 82100 CE,"BB8, BB12, CBB0, CBB4, Green",1113.5,1081.2,900,10,2026-02-27 21:10:47.450440,2026-02-27 21:10:47.530925,-290699.9999999996
PAPER-1772206847,SENSEX 05MAR 82100 CE,"BB8, BB12, CBB0, CBB4, Green",1113.5,1110.9,900,10,2026-02-27 21:10:47.532210,2026-02-27 21:10:48.822715,-23399.99999999918
PAPER-1772206848,SENSEX 05MAR 82100 CE,"CBBR2, CBBR7",1131.6,1095.25,900,10,2026-02-27 21:10:48.824085,2026-02-27 21:10:48.904946,-327149.9999999992
PAPER-1772206848,SENSEX 05MAR 82100 CE,"CBBR2, CBBR7",1131.6,1088.0,900,10,2026-02-27 21:10:48.906251,2026-02-27 21:10:48.988245,-392399.9999999992
PAPER-1772206848,SENSEX 05MAR 82100 CE,"CBBR2, CBBR7",1131.6,1098.7,900,10,2026-02-27 21:10:48.989618,2026-02-27 21:10:49.074697,-296099.9999999988
PAPER-1772206849,SENSEX 05MAR 82100 CE,"BB9, CBB0, CBB8",1113.2,1077.55,900,10,2026-02-27 21:10:49.485669,2026-02-27 21:10:49.650053,-320850.0000000008
PAPER-1772206849,SENSEX 05MAR 82100 CE,"BB9, CBB0, CBB8",1113.2,1239.6,900,10,2026-02-27 21:10:49.651419,2026-02-27 21:10:51.002297,1137599.9999999988
PAPER-1772206851,SENSEX 05MAR 82100 CE,"BB8, CBBR2",1193.2,1169.3,900,10,2026-02-27 21:10:51.772319,2026-02-27 21:10:52.296629,-215100.00000000081
PAPER-1772206857,SENSEX 05MAR 82100 CE,"BB17, Green",811.0,775.0,900,10,2026-02-27 21:10:57.682525,2026-02-27 21:10:57.777090,-324000.0
PAPER-1772206858,SENSEX 05MAR 82100 CE,"BB13, Green",798.1,775.0,900,10,2026-02-27 21:10:58.165204,2026-02-27 21:10:58.357503,-207900.0000000002
PAPER-1772206858,SENSEX 05MAR 82100 CE,"BB13, Green",800.0,779.65,900,10,2026-02-27 21:10:58.358814,2026-02-27 21:10:58.454594,-183150.0000000002
PAPER-1772206858,SENSEX 05MAR 82100 CE,"BB13, Green",800.0,782.75,900,10,2026-02-27 21:10:58.455912,2026-02-27 21:10:58.842869,-155250.0
PAPER-1772206861,SENSEX 05MAR 82100 CE,"BB2, BB12, BB17, CBB0, CBB1, CBB2, CBB6, CBB7, Green",798.0,792.3,900,10,2026-02-27 21:11:01.882960,2026-02-27 21:11:02.578086,-51300.00000000041
PAPER-1772206863,SENSEX 05MAR 82100 CE,"CBBR2, CBBR7",806.6,790.0,900,10,2026-02-27 21:11:03.082373,2026-02-27 21:11:03.385985,-149400.0000000002
PAPER-1772206863,SENSEX 05MAR 82100 CE,"CBBR2, CBBR7",806.6,787.7,900,10,2026-02-27 21:11:03.387338,2026-02-27 21:11:03.991189,-170099.9999999998
PAPER-1772206865,SENSEX 05MAR 82100 CE,"CBB0, CBB4",789.55,757.6,900,10,2026-02-27 21:11:05.108955,2026-02-27 21:11:05.211223,-287549.99999999936
PAPER-1772206865,SENSEX 05MAR 82100 CE,"BB12, CBB0, CBB3, CBBR3",824.6,789.95,900,10,2026-02-27 21:11:05.420760,2026-02-27 21:11:05.524429,-311849.99999999977
PAPER-1772206865,SENSEX 05MAR 82100 CE,"CBB0, CBB3, CBBR3",824.6,798.95,900,10,2026-02-27 21:11:05.525806,2026-02-27 21:11:05.947152,-230849.9999999998
PAPER-1772206866,SENSEX 05MAR 82100 CE,"CBB0, CBB4",799.65,863.35,900,10,2026-02-27 21:11:06.573391,2026-02-27 21:11:07.982284,573300.0000000005
PAPER-1772206867,SENSEX 05MAR 82100 CE,"NRCB, BB12, CBBR1, CBBR3, CBBR6",921.3,885.2,900,10,2026-02-27 21:11:07.983678,2026-02-27 21:11:08.091436,-324899.9999999992
PAPER-1772206868,SENSEX 05MAR 82100 CE,"NRCB, BB12, CBBR1, CBBR3, CBBR6",921.3,844.55,900,10,2026-02-27 21:11:08.092818,2026-02-27 21:11:08.200951,-690750.0
PAPER-1772206868,SENSEX 05MAR 82100 CE,"CBBR1, CBBR3, CBBR6",921.3,868.9,900,10,2026-02-27 21:11:08.202269,2026-02-27 21:11:08.309714,-471599.99999999977
PAPER-1772206868,SENSEX 05MAR 82100 CE,"NRCB, BB12, CBBR1, CBBR3, CBBR6",921.3,861.95,900,10,2026-02-27 21:11:08.311270,2026-02-27 21:11:08.420675,-534149.9999999992
PAPER-1772206868,SENSEX 05MAR 82100 CE,CBBR2,792.6,774.85,900,10,2026-02-27 21:11:08.953533,2026-02-27 21:11:09.061796,-159750.0
PAPER-1772206869,SENSEX 05MAR 82100 CE,CBBR2,792.6,769.45,900,10,2026-02-27 21:11:09.063304,2026-02-27 21:11:09.294881,-208349.9999999998
PAPER-1772206869,SENSEX 05MAR 82100 CE,CBBR2,800.0,772.55,900,10,2026-02-27 21:11:09.296332,2026-02-27 21:11:09.409780,-247050.0000000004
PAPER-1772206869,SENSEX 05MAR 82100 CE,CBBR2,800.0,749.0,900,10,2026-02-27 21:11:09.411853,2026-02-27 21:11:09.631276,-459000.0
PAPER-1772206870,SENSEX 05MAR 82100 CE,"CBB0, CBB6",815.0,869.95,900,10,2026-02-27 21:11:10.058894,2026-02-27 21:11:11.244886,494550.0000000004
PAPER-1772206873,SENSEX 05MAR 82100 CE,"BB5, BB12, BB17, CBB0, CBB1, CBB4, Green",865.0,880.05,900,10,2026-02-27 21:11:13.335278,2026-02-27 21:11:14.007795,135449.9999999996
PAPER-1772206875,SENSEX 05MAR 82100 CE,"CBBR2, CBBR7",876.05,841.45,900,10,2026-02-27 21:11:15.003521,2026-02-27 21:11:15.114611,-311399.9999999992
PAPER-1772206875,SENSEX 05MAR 82100 CE,"CBBR2, CBBR7",876.05,837.4,900,10,2026-02-27 21:11:15.116019,2026-02-27 21:11:15.227896,-347849.99999999977
PAPER-1772206875,SENSEX 05MAR 82100 CE,"CBBR2, CBBR7",876.05,825.0,900,10,2026-02-27 21:11:15.229303,2026-02-27 21:11:15.343376,-459449.9999999996
PAPER-1772206875,SENSEX 05MAR 82100 CE,"CBBR2, CBBR7",876.05,825.0,900,10,2026-02-27 21:11:15.344682,2026-02-27 21:11:15.457977,-459449.9999999996
PAPER-1772206875,SENSEX 05MAR 82100 CE,"CBBR2, CBBR7",876.05,829.85,900,10,2026-02-27 21:11:15.459322,2026-02-27 21:11:15.571083,-415799.99999999936
PAPER-1772206880,SENSEX 05MAR 82100 CE,"BB1, BB12, BB17, Green",810.15,831.0,900,10,2026-02-27 21:11:20.171417,2026-02-27 21:11:20.639383,187650.0000000002
PAPER-1772206884,SENSEX 05MAR 82100 CE,NRCB,693.85,675.5,900,10,2026-02-27 21:11:24.752723,2026-02-27 21:11:24.874630,-165150.0000000002
PAPER-1772206884,SENSEX 05MAR 82100 CE,NRCB,693.85,678.2,900,10,2026-02-27 21:11:24.876241,2026-02-27 21:11:25.000487,-140849.9999999998
PAPER-1772206885,SENSEX 05MAR 82100 CE,NRCB,693.85,676.1,900,10,2026-02-27 21:11:25.001888,2026-02-27 21:11:25.242611,-159750.0
PAPER-1772206892,SENSEX 05MAR 82100 CE,"BB1, BB10, BB17, Green",644.35,620.6,900,10,2026-02-27 21:11:32.163091,2026-02-27 21:11:32.304432,-213750.0
PAPER-1772206894,SENSEX 05MAR 82100 CE,"BB12, CBB0, CBB1, CBB2, CBB6, CBB7",634.8,609.35,900,10,2026-02-27 21:11:34.577723,2026-02-27 21:11:34.842971,-229049.9999999994
PAPER-1772206898,SENSEX 05MAR 82100 CE,"BB1, BB10, BB12, CBB0, CBB1, CBB3",641.7,626.6,900,10,2026-02-27 21:11:38.368866,2026-02-27 21:11:38.631399,-135900.0000000002
PAPER-1772206898,SENSEX 05MAR 82100 CE,"BB1, BB10, BB12, CBB0, CBB1, CBB3",641.7,619.9,900,10,2026-02-27 21:11:38.633357,2026-02-27 21:11:38.763069,-196200.0000000006
PAPER-1772206898,SENSEX 05MAR 82100 CE,"BB1, BB10, CBB0, CBB1, CBB3",641.7,617.8,900,10,2026-02-27 21:11:38.764422,2026-02-27 21:11:38.893668,-215100.00000000081
PAPER-1772206898,SENSEX 05MAR 82100 CE,"BB1, BB10, CBB0, CBB1, CBB3",641.7,620.75,900,10,2026-02-27 21:11:38.895281,2026-02-27 21:11:39.024637,-188550.0000000004
PAPER-1772206900,SENSEX 05MAR 82100 CE,"NRCB, BB12, CBB0, CBB4",631.05,626.4,900,10,2026-02-27 21:11:40.329968,2026-02-27 21:11:40.726585,-41849.999999999796
PAPER-1772206900,SENSEX 05MAR 82100 CE,"NRCB, CBB0, CBB4",645.7,628.4,900,10,2026-02-27 21:11:40.727970,2026-02-27 21:11:41.123407,-155700.0000000006
PAPER-1772206903,SENSEX 05MAR 82100 CE,"BB5, BB11, BB12, CBB0, CBB1, CBB4",669.0,707.6,900,10,2026-02-27 21:11:43.662995,2026-02-27 21:11:45.019932,347400.00000000023
PAPER-1772206907,SENSEX 05MAR 82100 CE,CBBR6,718.7,657.6,900,10,2026-02-27 21:11:47.215732,2026-02-27 21:11:47.352270,-549900.0000000002
PAPER-1772206907,SENSEX 05MAR 82100 CE,CBBR6,718.7,670.4,900,10,2026-02-27 21:11:47.354613,2026-02-27 21:11:47.493866,-434700.00000000064
PAPER-1772206907,SENSEX 05MAR 82100 CE,CBBR6,718.7,666.0,900,10,2026-02-27 21:11:47.495264,2026-02-27 21:11:47.629077,-474300.0000000004
PAPER-1772206907,SENSEX 05MAR 82100 CE,CBBR6,718.7,688.0,900,10,2026-02-27 21:11:47.630357,2026-02-27 21:11:47.764997,-276300.0000000004
PAPER-1772206910,SENSEX 05MAR 82100 CE,"BB13, CBB0, CBB1, CBB3, Green",697.65,496.05,900,10,2026-02-27 21:11:50.894884,2026-02-27 21:11:51.172394,-1814399.9999999995
PAPER-1772206914,SENSEX 05MAR 82100 CE,"BB15, Green",475.05,461.35,900,10,2026-02-27 21:11:54.514814,2026-02-27 21:11:54.653471,-123299.9999999999
PAPER-1772206926,SENSEX 05MAR 82100 CE,"BB12, CBB0, CBB1, CBB4",412.4,401.3,900,10,2026-02-27 21:12:06.940485,2026-02-27 21:12:07.092563,-99899.9999999997
PAPER-1772206927,SENSEX 05MAR 82100 CE,"BB12, CBB0, CBB1, CBB4",412.4,409.75,900,10,2026-02-27 21:12:07.094013,2026-02-27 21:12:07.686497,-23849.999999999796
PAPER-1772206932,SENSEX 05MAR 82100 CE,NRCB,374.75,362.5,900,10,2026-02-27 21:12:12.216406,2026-02-27 21:12:12.528848,-110250.0
PAPER-1772206932,SENSEX 05MAR 82100 CE,NRCB,374.75,393.5,900,10,2026-02-27 21:12:12.530171,2026-02-27 21:12:15.915653,168750.0
PAPER-1772206938,SENSEX 05MAR 82100 CE,"BB13, Green",379.45,363.55,900,10,2026-02-27 21:12:18.606788,2026-02-27 21:12:18.767596,-143099.9999999998
PAPER-1772206938,SENSEX 05MAR 82100 CE,"BB13, Green",379.45,354.25,900,10,2026-02-27 21:12:18.768945,2026-02-27 21:12:18.927141,-226799.99999999988
PAPER-1772206938,SENSEX 05MAR 82100 CE,"BB13, Green",379.45,352.2,900,10,2026-02-27 21:12:18.928958,2026-02-27 21:12:19.086328,-245250.0
PAPER-1772206939,SENSEX 05MAR 82100 CE,"BB13, Green",379.45,353.1,900,10,2026-02-27 21:12:19.087623,2026-02-27 21:12:19.240251,-237149.99999999968
PAPER-1772206939,SENSEX 05MAR 82100 CE,"BB13, Green",379.45,361.5,900,10,2026-02-27 21:12:19.241616,2026-02-27 21:12:19.395921,-161549.99999999988
